source_role,url,checked_at_utc,method,http_status,availability,final_url,error_type
prediction_source,https://fahrplan.events.ccc.de/congress/2007/Fahrplan/attachments/1037_EU_Policy_RFID_Privacy.pdf,2026-09-15T14:39:11+00:00,HEAD,200,http_success,https://fahrplan.events.ccc.de/congress/2007/Fahrplan/attachments/1037_EU_Policy_RFID_Privacy.pdf,
prediction_source,https://media.ccc.de/v/22C3-600-de-security_nightmares,2026-09-15T14:39:11+00:00,HEAD,200,http_success,https://media.ccc.de/v/22C3-600-de-security_nightmares,
prediction_source,https://media.ccc.de/v/22C3-920-en-we_lost_the_war,2026-09-15T14:39:11+00:00,HEAD,200,http_success,https://media.ccc.de/v/22C3-920-en-we_lost_the_war,
prediction_source,https://media.ccc.de/v/23C3-1608-en-vehicular_communication_and_vanets,2026-09-15T14:39:11+00:00,HEAD,200,http_success,https://media.ccc.de/v/23C3-1608-en-vehicular_communication_and_vanets,
prediction_source,https://media.ccc.de/v/23C3-1682-de-security_nightmares,2026-09-15T14:39:11+00:00,HEAD,200,http_success,https://media.ccc.de/v/23C3-1682-de-security_nightmares,
prediction_source,https://media.ccc.de/v/24c3-2233-en-vx,2026-09-15T14:39:11+00:00,HEAD,200,http_success,https://media.ccc.de/v/24c3-2233-en-vx,
prediction_source,https://media.ccc.de/v/24c3-2336-de-security_nightmares,2026-09-15T14:39:13+00:00,HEAD,200,http_success,https://media.ccc.de/v/24c3-2336-de-security_nightmares,
prediction_source,https://media.ccc.de/v/25c3-3021-de-security_nightmares_2009,2026-09-15T14:39:13+00:00,HEAD,200,http_success,https://media.ccc.de/v/25c3-3021-de-security_nightmares_2009,
prediction_source,https://media.ccc.de/v/26c3-3687-de-security_nightmares,2026-09-15T14:39:13+00:00,HEAD,200,http_success,https://media.ccc.de/v/26c3-3687-de-security_nightmares,
prediction_source,https://media.ccc.de/v/27c3-4111-de-eins_zwei_drei_alle_sind_dabei,2026-09-15T14:39:13+00:00,HEAD,200,http_success,https://media.ccc.de/v/27c3-4111-de-eins_zwei_drei_alle_sind_dabei,
prediction_source,https://media.ccc.de/v/27c3-4230-de-security_nightmares,2026-09-15T14:39:13+00:00,HEAD,200,http_success,https://media.ccc.de/v/27c3-4230-de-security_nightmares,
prediction_source,https://media.ccc.de/v/28c3-4898-de-security_nightmares,2026-09-15T14:39:13+00:00,HEAD,200,http_success,https://media.ccc.de/v/28c3-4898-de-security_nightmares,
prediction_source,https://media.ccc.de/v/29c3-5095-en-privacy_and_the_car_of_the_future_h264,2026-09-15T14:39:14+00:00,HEAD,200,http_success,https://media.ccc.de/v/29c3-5095-en-privacy_and_the_car_of_the_future_h264,
prediction_source,https://media.ccc.de/v/29c3-5159-en-defend_freedoms_online_h264,2026-09-15T14:39:14+00:00,HEAD,200,http_success,https://media.ccc.de/v/29c3-5159-en-defend_freedoms_online_h264,
prediction_source,https://media.ccc.de/v/29c3-5244-de-en-security_nightmares2012_h264,2026-09-15T14:39:14+00:00,HEAD,200,http_success,https://media.ccc.de/v/29c3-5244-de-en-security_nightmares2012_h264,
prediction_source,https://media.ccc.de/v/29c3-5374-en-re_igniting_the_crypto_wars_on_the_web_h264,2026-09-15T14:39:14+00:00,HEAD,200,http_success,https://media.ccc.de/v/29c3-5374-en-re_igniting_the_crypto_wars_on_the_web_h264,
prediction_source,https://media.ccc.de/v/30C3_-_5413_-_de_-_saal_1_-_201312301715_-_security_nightmares_-_frank_-_ron,2026-09-15T14:39:14+00:00,HEAD,200,http_success,https://media.ccc.de/v/30C3_-_5413_-_de_-_saal_1_-_201312301715_-_security_nightmares_-_frank_-_ron,
prediction_source,https://media.ccc.de/v/31c3_-_6265_-_en_-_saal_6_-_201412281600_-_the_automobile_as_massive_data_gathering_source_and_the_consequences_for_individual_privacy_-_jimmy_schulz_-_dr_rudiger_hanig,2026-09-15T14:39:14+00:00,HEAD,200,http_success,https://media.ccc.de/v/31c3_-_6265_-_en_-_saal_6_-_201412281600_-_the_automobile_as_massive_data_gathering_source_and_the_consequences_for_individual_privacy_-_jimmy_schulz_-_dr_rudiger_hanig,
prediction_source,https://media.ccc.de/v/31c3_-_6572_-_de_-_saal_1_-_201412301715_-_security_nightmares_-_frank_-_ron,2026-09-15T14:39:15+00:00,HEAD,200,http_success,https://media.ccc.de/v/31c3_-_6572_-_de_-_saal_1_-_201412301715_-_security_nightmares_-_frank_-_ron,
prediction_source,https://media.ccc.de/v/32c3-7546-security_nightmares_0x10,2026-09-15T14:39:15+00:00,HEAD,200,http_success,https://media.ccc.de/v/32c3-7546-security_nightmares_0x10,
prediction_source,https://media.ccc.de/v/33c3-8074-recount_2016_an_uninvited_security_audit_of_the_u_s_presidential_election,2026-09-15T14:39:15+00:00,HEAD,200,http_success,https://media.ccc.de/v/33c3-8074-recount_2016_an_uninvited_security_audit_of_the_u_s_presidential_election,
prediction_source,https://media.ccc.de/v/33c3-8413-security_nightmares_0x11,2026-09-15T14:39:15+00:00,HEAD,200,http_success,https://media.ccc.de/v/33c3-8413-security_nightmares_0x11,
prediction_source,https://media.ccc.de/v/34c3-8874-gamified_control,2026-09-15T14:39:15+00:00,HEAD,200,http_success,https://media.ccc.de/v/34c3-8874-gamified_control,
prediction_source,https://media.ccc.de/v/34c3-8888-security_nightmares_0x12,2026-09-15T14:39:16+00:00,HEAD,200,http_success,https://media.ccc.de/v/34c3-8888-security_nightmares_0x12,
prediction_source,https://media.ccc.de/v/34c3-9172-fuck_dutch_mass-surveillance_let_s_have_a_referendum,2026-09-15T14:39:16+00:00,HEAD,200,http_success,https://media.ccc.de/v/34c3-9172-fuck_dutch_mass-surveillance_let_s_have_a_referendum,
prediction_source,https://media.ccc.de/v/34c3-9270-dude_you_broke_the_future,2026-09-15T14:39:16+00:00,HEAD,200,http_success,https://media.ccc.de/v/34c3-9270-dude_you_broke_the_future,
prediction_source,https://media.ccc.de/v/35c3-10030-security_nightmares_0x13,2026-09-15T14:39:16+00:00,HEAD,404,http_not_found,https://media.ccc.de/v/35c3-10030-security_nightmares_0x13,
prediction_source,https://media.ccc.de/v/35c3-9904-the_social_credit_system,2026-09-15T14:39:16+00:00,HEAD,200,http_success,https://media.ccc.de/v/35c3-9904-the_social_credit_system,
prediction_source,https://media.ccc.de/v/35c3-9917-election_cybersecurity_progress_report,2026-09-15T14:39:16+00:00,HEAD,200,http_success,https://media.ccc.de/v/35c3-9917-election_cybersecurity_progress_report,
prediction_source,https://www.youtube.com/watch?v=HtXCxA76Zbo,2026-09-15T14:39:17+00:00,HEAD,200,http_success,https://www.youtube.com/watch?v=HtXCxA76Zbo,
prediction_source,https://www.youtube.com/watch?v=JWm2AICa6rg,2026-09-15T14:39:17+00:00,HEAD,200,http_success,https://www.youtube.com/watch?v=JWm2AICa6rg,
prediction_source,https://www.youtube.com/watch?v=S34b4kNUIos,2026-09-15T14:39:17+00:00,HEAD,200,http_success,https://www.youtube.com/watch?v=S34b4kNUIos,
prediction_source,https://www.youtube.com/watch?v=Tjvw5fz_GuA,2026-09-15T14:39:17+00:00,HEAD,200,http_success,https://www.youtube.com/watch?v=Tjvw5fz_GuA,
prediction_source,https://www.youtube.com/watch?v=YJOMTAREFtY,2026-09-15T14:39:17+00:00,HEAD,200,http_success,https://www.youtube.com/watch?v=YJOMTAREFtY,
prediction_source,https://www.youtube.com/watch?v=cwyJm6b1F0k,2026-09-15T14:39:17+00:00,HEAD,200,http_success,https://www.youtube.com/watch?v=cwyJm6b1F0k,
prediction_source,https://www.youtube.com/watch?v=tNzQNYZymWU,2026-09-15T14:39:17+00:00,HEAD,200,http_success,https://www.youtube.com/watch?v=tNzQNYZymWU,
primary_outcome_evidence,https://apwg.org/trendsreports/,2026-09-15T14:39:18+00:00,HEAD,200,http_success,https://apwg.org/trendsreports,
primary_outcome_evidence,https://arxiv.org/abs/1403.5727,2026-09-15T14:39:18+00:00,HEAD,200,http_success,https://arxiv.org/abs/1403.5727,
primary_outcome_evidence,https://arxiv.org/abs/1811.03194,2026-09-15T14:39:18+00:00,HEAD,200,http_success,https://arxiv.org/abs/1811.03194,
primary_outcome_evidence,https://arxiv.org/abs/2006.14662,2026-09-15T14:39:18+00:00,HEAD,200,http_success,https://arxiv.org/abs/2006.14662,
primary_outcome_evidence,https://av-comparatives.org/tests/endpoint-prevention-response-epr-test-2021/,2026-09-15T14:39:18+00:00,HEAD,200,http_success,https://av-comparatives.org/tests/endpoint-prevention-response-epr-test-2021/,
primary_outcome_evidence,https://biometrics.mainguet.org/appli/appli_smartphones_history.htm,2026-09-15T14:39:18+00:00,HEAD,200,http_success,https://biometrics.mainguet.org/appli/appli_smartphones_history.htm,
primary_outcome_evidence,https://cloud.googleblog.com/2008/12/google-apps-on-campus-getting-things.html,2026-09-15T14:39:18+00:00,HEAD,200,http_success,https://cloud.googleblog.com/2008/12/google-apps-on-campus-getting-things.html,
primary_outcome_evidence,https://content.naic.org/sites/default/files/inline-files/2025_Cybersecurity_Insurance%20Report.pdf,2026-09-15T14:39:18+00:00,HEAD,200,http_success,https://content.naic.org/sites/default/files/inline-files/2025_Cybersecurity_Insurance%20Report.pdf,
primary_outcome_evidence,https://cve.mitre.org/cgi-bin/cvekey.cgi?keyword=random+2018,2026-09-15T14:39:18+00:00,HEAD,200,http_success,https://www.cve.org/CVERecord/SearchResults?query=random+2018,
primary_outcome_evidence,https://datatracker.ietf.org/doc/html/rfc6092,2026-09-15T14:39:19+00:00,HEAD,200,http_success,https://datatracker.ietf.org/doc/html/rfc6092,
primary_outcome_evidence,https://digital.nhs.uk/cyber-alerts/2019/cc-3120,2026-09-15T14:39:19+00:00,HEAD,403,blocked_or_rate_limited,https://digital.nhs.uk/cyber-alerts/2019/cc-3120,
primary_outcome_evidence,https://documents.trendmicro.com/assets/rpt/Trend-Micro-2019-Midyear-Roundup.pdf,2026-09-15T14:39:19+00:00,HEAD,200,http_success,https://documents.trendmicro.com/assets/rpt/Trend-Micro-2019-Midyear-Roundup.pdf,
primary_outcome_evidence,https://english.kiesraad.nl/latest/news/2018/03/29/results-of-the-referendum-on-the-intelligence-and-security-services-act,2026-09-15T14:39:20+00:00,HEAD,200,http_success,https://english.kiesraad.nl/latest/news/2018/03/29/results-of-the-referendum-on-the-intelligence-and-security-services-act,
primary_outcome_evidence,https://eur-lex.europa.eu/eli/dir/2015/2366/oj,2026-09-15T14:39:20+00:00,HEAD,202,http_success,https://eur-lex.europa.eu/eli/dir/2015/2366/oj,
primary_outcome_evidence,https://eur-lex.europa.eu/eli/reco/2009/387/oj/eng,2026-09-15T14:39:20+00:00,HEAD,202,http_success,https://eur-lex.europa.eu/eli/reco/2009/387/oj/eng,
primary_outcome_evidence,https://eur-lex.europa.eu/eli/reg/2015/2120/oj,2026-09-15T14:39:20+00:00,HEAD,202,http_success,https://eur-lex.europa.eu/eli/reg/2015/2120/oj,
primary_outcome_evidence,https://eur-lex.europa.eu/eli/reg/2015/758/oj,2026-09-15T14:39:21+00:00,HEAD,202,http_success,https://eur-lex.europa.eu/eli/reg/2015/758/oj,
primary_outcome_evidence,https://eur-lex.europa.eu/legal-content/EN/TXT/?uri=CELEX:32014L0026,2026-09-15T14:39:21+00:00,HEAD,202,http_success,https://eur-lex.europa.eu/legal-content/EN/TXT/?uri=CELEX:32014L0026,
primary_outcome_evidence,https://forums.wyze.com/t/updated-01-06-20-data-leak-12-26-2019/79046,2026-09-15T14:39:21+00:00,HEAD,200,http_success,https://forums.wyze.com/t/updated-02-13-20-data-leak-12-26-2019/79046,
primary_outcome_evidence,https://github.com/easylist/easylist,2026-09-15T14:39:22+00:00,HEAD,200,http_success,https://github.com/easylist/easylist,
primary_outcome_evidence,https://github.com/reek/anti-adblock-killer,2026-09-15T14:39:22+00:00,HEAD,200,http_success,https://github.com/reek/anti-adblock-killer,
primary_outcome_evidence,https://global.toyota/en/detail/4228471/,2026-09-15T14:39:22+00:00,HEAD,200,http_success,https://global.toyota/en/detail/4228471/,
primary_outcome_evidence,https://interoperable-europe.ec.europa.eu/collection/egovernment/document/eu-recommendation-privacy-and-data-protection-applications-supported-radio-frequency-identification,2026-09-15T14:39:22+00:00,HEAD,200,http_success,https://interoperable-europe.ec.europa.eu/collection/egovernment/document/eu-recommendation-privacy-and-data-protection-applications-supported-radio-frequency-identification,
primary_outcome_evidence,https://learn.microsoft.com/en-us/defender-endpoint/device-control-overview,2026-09-15T14:39:22+00:00,HEAD,200,http_success,https://learn.microsoft.com/en-us/defender-endpoint/device-control-overview,
primary_outcome_evidence,https://learn.microsoft.com/en-us/lifecycle/announcements/internet-explorer-11-end-of-support,2026-09-15T14:39:22+00:00,HEAD,200,http_success,https://learn.microsoft.com/en-us/lifecycle/announcements/internet-explorer-11-end-of-support,
primary_outcome_evidence,https://learn.microsoft.com/en-us/microsoft-365/security/defender-endpoint/microsoft-defender-endpoint,2026-09-15T14:39:22+00:00,HEAD,200,http_success,https://learn.microsoft.com/en-us/microsoft-365/security/defender-endpoint/microsoft-defender-endpoint,
primary_outcome_evidence,https://learn.microsoft.com/en-us/windows/deployment/update/waas-overview,2026-09-15T14:39:22+00:00,HEAD,200,http_success,https://learn.microsoft.com/en-us/windows/deployment/update/waas-overview,
primary_outcome_evidence,https://media.ccc.de/v/26c3-3654-en-gsm_srsly,2026-09-15T14:39:23+00:00,HEAD,200,http_success,https://media.ccc.de/v/26c3-3654-en-gsm_srsly,
primary_outcome_evidence,https://merics.org/en/report/chinas-social-credit-system-2021-fragmentation-towards-integration,2026-09-15T14:39:23+00:00,HEAD,200,http_success,https://merics.org/en/report/chinas-social-credit-system-2021-fragmentation-towards-integration,
primary_outcome_evidence,https://newgtlds.icann.org/en/blog/first-delegation-21oct13-en,2026-09-15T14:39:23+00:00,HEAD,200,http_success,https://newgtlds.icann.org/en/blog/first-delegation-21oct13-en,
primary_outcome_evidence,https://news.samsung.com/global/10-sensors-of-galaxy-s5-heart-rate-finger-scanner-and-more,2026-09-15T14:39:23+00:00,HEAD,403,blocked_or_rate_limited,https://news.samsung.com/global/10-sensors-of-galaxy-s5-heart-rate-finger-scanner-and-more,
primary_outcome_evidence,https://nvd.nist.gov/vuln/detail/CVE-2006-2312,2026-09-15T14:39:23+00:00,HEAD,200,http_success,https://nvd.nist.gov/vuln/detail/cve-2006-2312,
primary_outcome_evidence,https://nvd.nist.gov/vuln/detail/CVE-2007-1993,2026-09-15T14:39:23+00:00,HEAD,200,http_success,https://nvd.nist.gov/vuln/detail/cve-2007-1993,
primary_outcome_evidence,https://nvd.nist.gov/vuln/detail/CVE-2008-2639,2026-09-15T14:39:24+00:00,HEAD,200,http_success,https://nvd.nist.gov/vuln/detail/cve-2008-2639,
primary_outcome_evidence,https://ora.ox.ac.uk/objects/uuid%3A6d1260fd-b8ee-4a11-8a5f-e7708d543651,2026-09-15T14:39:24+00:00,HEAD,,network_error,,URLError
primary_outcome_evidence,https://policy.trade.ec.europa.eu/eu-trade-relationships-country-and-region/countries-and-regions/united-states/eu-negotiating-texts-ttip_en,2026-09-15T14:39:24+00:00,HEAD,200,http_success,https://policy.trade.ec.europa.eu/eu-trade-relationships-country-and-region/countries-and-regions/united-states/eu-negotiating-texts-ttip_en,
primary_outcome_evidence,https://privacyrights.org/data-breaches,2026-09-15T14:39:24+00:00,HEAD,200,http_success,https://privacyrights.org/data-breaches,
primary_outcome_evidence,https://robotattack.org/,2026-09-15T14:39:25+00:00,HEAD,200,http_success,https://robotattack.org/,
primary_outcome_evidence,https://seclists.org/cert/2006/8,2026-09-15T14:39:25+00:00,HEAD,200,http_success,https://seclists.org/cert/2006/8,
primary_outcome_evidence,https://seclists.org/fulldisclosure/,2026-09-15T14:39:25+00:00,HEAD,200,http_success,https://seclists.org/fulldisclosure/,
primary_outcome_evidence,https://securelist.com/mobile-malware-evolution-2013/58335/,2026-09-15T14:39:25+00:00,HEAD,,network_error,,URLError
primary_outcome_evidence,https://srlabs.de/bites/spoofing-fingerprints,2026-09-15T14:39:26+00:00,HEAD,,network_error,,URLError
primary_outcome_evidence,https://support.apple.com/en-us/HT201222,2026-09-15T14:39:26+00:00,HEAD,200,http_success,https://support.apple.com/en-us/100100,
primary_outcome_evidence,https://support.apple.com/guide/security/gatekeeper-and-runtime-protection-sec5599b66df/web,2026-09-15T14:39:26+00:00,HEAD,200,http_success,https://support.apple.com/guide/security/gatekeeper-and-runtime-protection-sec5599b66df/web,
primary_outcome_evidence,https://ustr.gov/about-us/policy-offices/press-office/blog/2013/june/2013-Joint-Strategic-Plan-Release,2026-09-15T14:39:26+00:00,HEAD,200,http_success,https://ustr.gov/about-us/policy-offices/press-office/blog/2013/june/2013-Joint-Strategic-Plan-Release,
primary_outcome_evidence,https://ustr.gov/ttip,2026-09-15T14:39:26+00:00,HEAD,200,http_success,https://ustr.gov/ttip,
primary_outcome_evidence,https://wikileaks.org/wiki/Category%3A2010,2026-09-15T14:39:26+00:00,HEAD,200,http_success,https://wikileaks.org/wiki/Category%3A2010,
primary_outcome_evidence,https://www.5gtechnologyworld.com/sensory-brings-voice-activation-to-the-samsung-galaxy-hi-galaxy/,2026-09-15T14:39:27+00:00,HEAD,200,http_success,https://www.5gtechnologyworld.com/sensory-brings-voice-activation-to-the-samsung-galaxy-hi-galaxy/,
primary_outcome_evidence,https://www.abiresearch.com/press/fingerprint-sensor-shipments-reach-126-billion-2019-despite-growth-from-face-recognition,2026-09-15T14:39:27+00:00,HEAD,404,http_not_found,https://www.abiresearch.com/press/fingerprint-sensor-shipments-reach-126-billion-2019-despite-growth-from-face-recognition,
primary_outcome_evidence,https://www.adobe.com/support/security/advisories/apsa08-03.html,2026-09-15T14:39:28+00:00,HEAD,,network_error,,TimeoutError
primary_outcome_evidence,https://www.adobe.com/support/security/advisories/apsa09-04.html,2026-09-15T14:39:28+00:00,HEAD,,network_error,,TimeoutError
primary_outcome_evidence,https://www.apple.com/customer-letter/,2026-09-15T14:39:30+00:00,HEAD,200,http_success,https://www.apple.com/customer-letter/,
primary_outcome_evidence,https://www.av-comparatives.org/tests/advanced-endpoint-protection-test/,2026-09-15T14:39:31+00:00,HEAD,200,http_success,https://av-comparatives.org/tests/advanced-endpoint-protection-test/,
primary_outcome_evidence,https://www.av-comparatives.org/tests/business-security-test-2021-august-november/,2026-09-15T14:39:35+00:00,HEAD,200,http_success,https://av-comparatives.org/tests/business-security-test-2021-august-november/,
primary_outcome_evidence,https://www.av-comparatives.org/wp-content/uploads/2021/07/avc_biz_2021_07.pdf,2026-09-15T14:39:35+00:00,HEAD,200,http_success,https://www.av-comparatives.org/wp-content/uploads/2021/07/avc_biz_2021_07.pdf,
primary_outcome_evidence,https://www.bfdi.bund.de/SharedDocs/Downloads/EN/Taetigkeitsberichte/23TB_09_10.pdf?__blob=publicationFile&v=5,2026-09-15T14:39:36+00:00,HEAD,,network_error,,URLError
primary_outcome_evidence,https://www.bgbl.de/xaver/bgbl/start.xav?start=%2F%2F%2A%5B%40attr_id%3D%27bgbl107s3198.pdf%27%5D,2026-09-15T14:39:36+00:00,HEAD,200,http_success,https://www.bgbl.de/xaver/bgbl/start.xav?start=%2F%2F%2A%5B%40attr_id%3D%27bgbl107s3198.pdf%27%5D,
primary_outcome_evidence,https://www.brookings.edu/articles/chinas-orwellian-social-credit-score-isnt-real/,2026-09-15T14:39:37+00:00,HEAD,200,http_success,https://www.brookings.edu/articles/chinas-orwellian-social-credit-score-isnt-real/,
primary_outcome_evidence,https://www.camara.leg.br/noticias/365888-projeto-propoe-reforma-na-lei-de-direito-,2026-09-15T14:39:37+00:00,HEAD,200,http_success,https://www.camara.leg.br/noticias/365888-projeto-propoe-reforma-na-lei-de-direito-,
primary_outcome_evidence,https://www.ccc.de/en/updates/2011/staatstrojaner,2026-09-15T14:39:37+00:00,HEAD,200,http_success,https://www.ccc.de/en/updates/2011/staatstrojaner,
primary_outcome_evidence,https://www.cert-ist.com/eng/ressources/Publications_ArticlesBulletins/VersVirusetAntivirus/symbian_signed_malware/,2026-09-15T14:39:37+00:00,HEAD,200,http_success,https://www.cert-ist.com/public/en/SO_detail?code=symbian_signed_malware,
primary_outcome_evidence,https://www.cisco.com/c/en/us/support/docs/csa/cisco-sa-20080610-snmpv3.html,2026-09-15T14:39:38+00:00,HEAD,403,blocked_or_rate_limited,https://www.cisco.com/c/en/us/support/docs/csa/cisco-sa-20080610-snmpv3.html,
primary_outcome_evidence,https://www.cisco.com/c/en/us/td/docs/solutions/Enterprise/Campus/CampIPv6.html,2026-09-15T14:39:38+00:00,HEAD,403,blocked_or_rate_limited,https://www.cisco.com/c/en/us/td/docs/solutions/Enterprise/Campus/CampIPv6.html,
primary_outcome_evidence,https://www.congress.gov/bill/116th-congress/house-bill/2722/all-info,2026-09-15T14:39:38+00:00,HEAD,403,blocked_or_rate_limited,https://www.congress.gov/bill/116th-congress/house-bill/2722/all-info,
primary_outcome_evidence,https://www.crunchbase.com/hub/cyber-security-acquired-companies,2026-09-15T14:39:38+00:00,HEAD,403,blocked_or_rate_limited,https://www.crunchbase.com/hub/cyber-security-acquired-companies,
primary_outcome_evidence,https://www.cs.tau.ac.il/~tromer/acoustic/,2026-09-15T14:39:38+00:00,HEAD,,network_error,,URLError
primary_outcome_evidence,https://www.cs.virginia.edu/~robins/Malware_Goes_Mobile.pdf,2026-09-15T14:39:39+00:00,HEAD,200,http_success,https://www.cs.virginia.edu/~robins/Malware_Goes_Mobile.pdf,
primary_outcome_evidence,https://www.cve.org/About/Metrics,2026-09-15T14:39:39+00:00,HEAD,200,http_success,https://www.cve.org/About/Metrics,
primary_outcome_evidence,https://www.eff.org/deeplinks/2011/02/newly-released-documents-detail-fbi-s-plan-expand,2026-09-15T14:39:40+00:00,HEAD,200,http_success,https://www.eff.org/deeplinks/2011/02/newly-released-documents-detail-fbi-s-plan-expand,
primary_outcome_evidence,https://www.enisa.europa.eu/publications/info-notes/spam-and-phishing-in-q3-2012,2026-09-15T14:39:40+00:00,HEAD,404,http_not_found,https://www.enisa.europa.eu/publications/info-notes/spam-and-phishing-in-q3-2012,
primary_outcome_evidence,https://www.fda.gov/medical-devices/digital-health-center-excellence/cybersecurity,2026-09-15T14:39:40+00:00,HEAD,200,http_success,https://www.fda.gov/medical-devices/digital-health-center-excellence/cybersecurity,
primary_outcome_evidence,https://www.fec.gov/introduction-campaign-finance/election-results-and-voting-information/,2026-09-15T14:39:40+00:00,HEAD,200,http_success,https://www.fec.gov/introduction-campaign-finance/election-results-and-voting-information/,
primary_outcome_evidence,https://www.ftc.gov/system/files/documents/reports/big-data-growing-concern-class-action-fairness-report-workshop/big_data_growing_concern_class_action_fairness_report_workshop.pdf,2026-09-15T14:39:40+00:00,HEAD,,network_error,,TimeoutError
primary_outcome_evidence,https://www.ftc.gov/system/files/documents/reports/internet-things-privacy-security-connected-world/final_iot_report.pdf,2026-09-15T14:39:41+00:00,HEAD,503,http_error,https://www.ftc.gov/system/files/documents/reports/internet-things-privacy-security-connected-world/final_iot_report.pdf,
primary_outcome_evidence,https://www.gao.gov/assets/gao-06-674.pdf,2026-09-15T14:39:41+00:00,HEAD,,network_error,,URLError
primary_outcome_evidence,https://www.gesetze-im-internet.de/bmg/,2026-09-15T14:39:42+00:00,HEAD,200,http_success,https://www.gesetze-im-internet.de/bmg/,
primary_outcome_evidence,https://www.globenewswire.com/news-release/2012/09/25/492510/13741/en/HID-Global-Completes-World-s-First-Series-of-NFC-Enabled-Smartphone-Pilots-That-Open-Doors-in-the-Enterprise.html,2026-09-15T14:39:42+00:00,HEAD,,network_error,,TimeoutError
primary_outcome_evidence,https://www.google.com/intl/en/ipv6/statistics.html,2026-09-15T14:39:43+00:00,HEAD,200,http_success,https://www.google.com/intl/en/ipv6/statistics.html,
primary_outcome_evidence,https://www.iihs.org/topics/advanced-driver-assistance,2026-09-15T14:39:44+00:00,HEAD,200,http_success,https://www.iihs.org/research-areas/advanced-driver-assistance,
primary_outcome_evidence,https://www.informationactivism.org/en/balloon-mapping-documenting-the-gulf-coast-oil-spill-and-student-protests-chile.html,2026-09-15T14:39:44+00:00,HEAD,404,http_not_found,https://www.informationactivism.org/en/balloon-mapping-documenting-the-gulf-coast-oil-spill-and-student-protests-chile.html,
primary_outcome_evidence,https://www.intel.com/content/www/us/en/products/sku/94035/intel-xeon-phi-processor-7250-16gb-1-40-ghz-68-core/specifications.html,2026-09-15T14:39:44+00:00,HEAD,403,blocked_or_rate_limited,https://www.intel.com/content/www/us/en/products/sku/94035/intel-xeon-phi-processor-7250-16gb-1-40-ghz-68-core/specifications.html,
primary_outcome_evidence,https://www.ischool.berkeley.edu/research/publications/2010/inferring-personal-information-demand-response-systems,2026-09-15T14:39:44+00:00,HEAD,200,http_success,https://www.ischool.berkeley.edu/research/publications/2010/inferring-personal-information-demand-response-systems,
primary_outcome_evidence,https://www.justice.gov/opa/pr/two-iranian-nationals-charged-cyber-enabled-campaign-threaten-and-influence-american-voters,2026-09-15T14:39:45+00:00,HEAD,404,http_not_found,https://www.justice.gov/opa/pr/two-iranian-nationals-charged-cyber-enabled-campaign-threaten-and-influence-american-voters,
primary_outcome_evidence,https://www.macrumors.com/2017/02/24/cellebrite-lawful-unlocking-iphone-6/,2026-09-15T14:39:46+00:00,HEAD,200,http_success,https://www.macrumors.com/2017/02/24/cellebrite-lawful-unlocking-iphone-6/,
primary_outcome_evidence,https://www.microsoft.com/en-us/wdsi/threats/malware-encyclopedia-description?Name=Backdoor%3AWin32%2FKoobface.A,2026-09-15T14:39:46+00:00,HEAD,200,http_success,https://www.microsoft.com/en-us/wdsi/threats/malware-encyclopedia-description?Name=Backdoor%3AWin32%2FKoobface.A,
primary_outcome_evidence,https://www.ncsc.gov.uk/collection/device-security-guidance/managing-deployed-devices/updates,2026-09-15T14:39:46+00:00,HEAD,404,http_not_found,https://www.ncsc.gov.uk/collection/device-security-guidance/managing-deployed-devices/updates,
primary_outcome_evidence,https://www.nhtsa.gov/technology-innovation/automated-vehicles-safety,2026-09-15T14:39:47+00:00,HEAD,403,blocked_or_rate_limited,https://www.nhtsa.gov/technology-innovation/automated-vehicles-safety,
primary_outcome_evidence,https://www.radicati.com/wp/wp-content/uploads/2015/02/Email-Statistics-Report-2015-2019-Executive-Summary.pdf,2026-09-15T14:39:48+00:00,HEAD,,network_error,,URLError
primary_outcome_evidence,https://www.rfc-editor.org/rfc/rfc7381.html,2026-09-15T14:39:49+00:00,HEAD,200,http_success,https://www.rfc-editor.org/rfc/rfc7381.html,
primary_outcome_evidence,https://www.rfc-editor.org/rfc/rfc7707,2026-09-15T14:39:49+00:00,HEAD,200,http_success,https://www.rfc-editor.org/info/rfc7707/,
primary_outcome_evidence,https://www.secure-medicine.org/icd-study/icd-study.pdf,2026-09-15T14:39:50+00:00,HEAD,200,http_success,https://www.secure-medicine.org/hubfs/public/publications/icd-study.pdf,
primary_outcome_evidence,https://www.tagesspiegel.de/politik/behorden-sind-gute-kunden-1981750.html,2026-09-15T14:39:51+00:00,HEAD,200,http_success,https://www.tagesspiegel.de/politik/behorden-sind-gute-kunden-1981750.html,
primary_outcome_evidence,https://www.tagesspiegel.de/politik/bka-stellt-software-zur-online-durchsuchung-vor-1539442.html,2026-09-15T14:39:51+00:00,HEAD,200,http_success,https://www.tagesspiegel.de/politik/bka-stellt-software-zur-online-durchsuchung-vor-1539442.html,
primary_outcome_evidence,https://www.usenix.org/conference/usenixsecurity16/technical-sessions/presentation/razavi,2026-09-15T14:39:52+00:00,HEAD,200,http_success,https://www.usenix.org/conference/usenixsecurity16/technical-sessions/presentation/razavi,
secondary_outcome_evidence,https://advisories.checkpoint.com/defense/advisories/public/2009/cpai-2008-348.html/,2026-09-15T14:39:52+00:00,HEAD,200,http_success,https://advisories.checkpoint.com/defense/advisories/public/2009/cpai-2008-348.html/,
secondary_outcome_evidence,https://arxiv.org/abs/1107.1086,2026-09-15T14:39:52+00:00,HEAD,200,http_success,https://arxiv.org/abs/1107.1086,
secondary_outcome_evidence,https://arxiv.org/abs/1408.1416,2026-09-15T14:39:52+00:00,HEAD,200,http_success,https://arxiv.org/abs/1408.1416,
secondary_outcome_evidence,https://arxiv.org/abs/1411.0237,2026-09-15T14:39:53+00:00,HEAD,200,http_success,https://arxiv.org/abs/1411.0237,
secondary_outcome_evidence,https://arxiv.org/abs/1607.05179,2026-09-15T14:39:53+00:00,HEAD,200,http_success,https://arxiv.org/abs/1607.05179,
secondary_outcome_evidence,https://arxiv.org/abs/1805.09155,2026-09-15T14:39:53+00:00,HEAD,200,http_success,https://arxiv.org/abs/1805.09155,
secondary_outcome_evidence,https://arxiv.org/abs/1911.03447,2026-09-15T14:39:53+00:00,HEAD,200,http_success,https://arxiv.org/abs/1911.03447,
secondary_outcome_evidence,https://arxiv.org/abs/2011.02787,2026-09-15T14:39:53+00:00,HEAD,200,http_success,https://arxiv.org/abs/2011.02787,
secondary_outcome_evidence,https://attack.mitre.org/evaluations/enterprise/,2026-09-15T14:39:53+00:00,HEAD,404,http_not_found,https://attack.mitre.org/evaluations/enterprise/,
secondary_outcome_evidence,https://av-comparatives.org/tests/endpoint-prevention-response-epr-test-2021/,2026-09-15T14:39:53+00:00,HEAD,200,http_success,https://av-comparatives.org/tests/endpoint-prevention-response-epr-test-2021/,
secondary_outcome_evidence,https://cellebrite.com/en/cas-sales-inquiry/,2026-09-15T14:39:53+00:00,HEAD,200,http_success,https://cellebrite.com/en/cas-sales-inquiry/,
secondary_outcome_evidence,https://colab.ws/articles/10.1145%2F1878431.1878446,2026-09-15T14:39:53+00:00,HEAD,403,blocked_or_rate_limited,https://colab.ws/articles/10.1145%2F1878431.1878446,
secondary_outcome_evidence,https://consumer.huawei.com/en/press/news/2014/ifa2014-mate7/,2026-09-15T14:39:54+00:00,HEAD,404,http_not_found,https://consumer.huawei.com/en/press/news/2014/ifa2014-mate7/,
secondary_outcome_evidence,https://csrc.nist.gov/publications/detail/sp/800-90b/final,2026-09-15T14:39:54+00:00,HEAD,200,http_success,https://csrc.nist.gov/pubs/sp/800/90/b/final,
secondary_outcome_evidence,https://documents.trendmicro.com/assets/rpt/Trend-Micro-2019-Midyear-Roundup.pdf,2026-09-15T14:39:54+00:00,HEAD,200,http_success,https://documents.trendmicro.com/assets/rpt/Trend-Micro-2019-Midyear-Roundup.pdf,
secondary_outcome_evidence,https://dserver.bundestag.de/btd/17/077/1707746.pdf,2026-09-15T14:39:54+00:00,HEAD,400,http_error,https://dserver.bundestag.de/.enodia/challenge?redirect=%2Fbtd%2F17%2F077%2F1707746.pdf,
secondary_outcome_evidence,https://easylist.to/easylist/fanboy-annoyance.txt,2026-09-15T14:39:55+00:00,HEAD,200,http_success,https://easylist.to/easylist/fanboy-annoyance.txt,
secondary_outcome_evidence,https://ec.europa.eu/commission/presscorner/detail/en/IP_18_2263,2026-09-15T14:39:55+00:00,HEAD,200,http_success,https://ec.europa.eu/commission/presscorner/detail/en/ip_18_2263,
secondary_outcome_evidence,https://github.com/gorhill/uBlock,2026-09-15T14:39:55+00:00,HEAD,200,http_success,https://github.com/gorhill/uBlock,
secondary_outcome_evidence,https://gs.statcounter.com/browser-market-share/all/worldwide/2022,2026-09-15T14:39:55+00:00,HEAD,200,http_success,https://gs.statcounter.com/browser-market-share/all/worldwide/2022,
secondary_outcome_evidence,https://interoperable-europe.ec.europa.eu/collection/rolling-plan-ict-standardisation/internet-things-rp-2026,2026-09-15T14:39:56+00:00,HEAD,200,http_success,https://interoperable-europe.ec.europa.eu/collection/rolling-plan-ict-standardisation/internet-things-rp-2026,
secondary_outcome_evidence,https://interoperable-europe.ec.europa.eu/sites/default/files/document/2014-12/recommendationonrfid2009.pdf,2026-09-15T14:39:56+00:00,HEAD,200,http_success,https://interoperable-europe.ec.europa.eu/sites/default/files/document/2014-12/recommendationonrfid2009.pdf,
secondary_outcome_evidence,https://journals.sagepub.com/doi/10.1177/0306422016643031,2026-09-15T14:39:56+00:00,HEAD,403,blocked_or_rate_limited,https://journals.sagepub.com/doi/10.1177/0306422016643031,
secondary_outcome_evidence,https://learn.microsoft.com/en-us/windows/security/application-security/application-isolation/windows-sandbox/windows-sandbox-overview,2026-09-15T14:39:56+00:00,HEAD,200,http_success,https://learn.microsoft.com/en-us/windows/security/application-security/application-isolation/windows-sandbox/windows-sandbox-overview,
secondary_outcome_evidence,https://media.blackhat.com/bh-dc-11/Larimer/BlackHat_DC_2011_Larimer_Vulnerabiliters_w-removeable_storage-wp.pdf,2026-09-15T14:39:56+00:00,HEAD,200,http_success,https://media.blackhat.com/bh-dc-11/Larimer/BlackHat_DC_2011_Larimer_Vulnerabiliters_w-removeable_storage-wp.pdf,
secondary_outcome_evidence,https://merics.org/en/report/chinas-social-credit-system-2021-fragmentation-towards-integration,2026-09-15T14:39:56+00:00,HEAD,200,http_success,https://merics.org/en/report/chinas-social-credit-system-2021-fragmentation-towards-integration,
secondary_outcome_evidence,https://news.samsung.com/global/samsung-galaxy-s-iii-designed-for-humans-and-inspired-by-nature,2026-09-15T14:39:56+00:00,HEAD,403,blocked_or_rate_limited,https://news.samsung.com/global/samsung-galaxy-s-iii-designed-for-humans-and-inspired-by-nature,
secondary_outcome_evidence,https://nvd.nist.gov/vuln/detail/CVE-2009-1862,2026-09-15T14:39:57+00:00,HEAD,200,http_success,https://nvd.nist.gov/vuln/detail/cve-2009-1862,
secondary_outcome_evidence,https://pressroom.toyota.com/?generate_pdf=10570,2026-09-15T14:39:57+00:00,HEAD,403,blocked_or_rate_limited,https://pressroom.toyota.com/?generate_pdf=10570,
secondary_outcome_evidence,https://securelist.com/spam-in-2012/36683/,2026-09-15T14:39:57+00:00,HEAD,,network_error,,URLError
secondary_outcome_evidence,https://snmp.com/news/cert_878044.shtml,2026-09-15T14:39:57+00:00,HEAD,200,http_success,https://snmp.com/news/cert_878044.shtml,
secondary_outcome_evidence,https://support.apple.com/guide/security/intro-to-app-security-sec35dd877d0/web,2026-09-15T14:39:57+00:00,HEAD,200,http_success,https://support.apple.com/guide/security/app-security-overview-sec35dd877d0/web,
secondary_outcome_evidence,https://support.google.com/chrome/a/answer/7679408,2026-09-15T14:39:57+00:00,HEAD,404,http_not_found,https://support.google.com/chrome/a/answer/7679408,
secondary_outcome_evidence,https://techcrunch.com/2014/04/15/samsung-galaxy-s5-fingerprint-sensor/,2026-09-15T14:39:58+00:00,HEAD,200,http_success,https://techcrunch.com/2014/04/15/samsung-galaxy-s5-fingerprint-sensor/,
secondary_outcome_evidence,https://trai.gov.in/sites/default/files/Regulation_Data_Service.pdf,2026-09-15T14:39:58+00:00,HEAD,,network_error,,URLError
secondary_outcome_evidence,https://usa.visa.com/support/consumer/visa-rules.html,2026-09-15T14:39:58+00:00,HEAD,403,blocked_or_rate_limited,https://usa.visa.com/support/consumer/visa-rules.html,
secondary_outcome_evidence,https://ustr.gov/ttip,2026-09-15T14:39:58+00:00,HEAD,200,http_success,https://ustr.gov/ttip,
secondary_outcome_evidence,https://waymo.com/blog/2015/05/google-self-driving-car-project,2026-09-15T14:39:59+00:00,HEAD,404,http_not_found,https://waymo.com/blog/2015/05/google-self-driving-car-project/,
secondary_outcome_evidence,https://wikileaks.org/10years/WikiLeaks10yrsPressPack.pdf,2026-09-15T14:39:59+00:00,HEAD,200,http_success,https://wikileaks.org/10years/WikiLeaks10yrsPressPack.pdf,
secondary_outcome_evidence,https://www.adobe.com/support/security/advisories/apsa08-08.html,2026-09-15T14:39:59+00:00,HEAD,,network_error,,TimeoutError
secondary_outcome_evidence,https://www.av-test.org/en/antivirus/business-windows-client/,2026-09-15T14:39:59+00:00,HEAD,200,http_success,https://www.av-test.org/en/antivirus/business-windows-client/,
secondary_outcome_evidence,https://www.bfdi.bund.de/SharedDocs/Downloads/DE/Taetigkeitsberichte/23TB_09_10.pdf?__blob=publicationFile&v=5,2026-09-15T14:39:59+00:00,HEAD,,network_error,,URLError
secondary_outcome_evidence,https://www.biometricupdate.com/wp-content/uploads/2014/08/Mobile-Biometric-Authentication-Report.pdf,2026-09-15T14:40:00+00:00,HEAD,200,http_success,https://www.biometricupdate.com/wp-content/uploads/2014/08/Mobile-Biometric-Authentication-Report.pdf,
secondary_outcome_evidence,https://www.broadcom.com/products/cyber-security/information-protection/data-loss-prevention,2026-09-15T14:40:00+00:00,HEAD,200,http_success,https://www.broadcom.com/products/cybersecurity/information-protection/data-loss-prevention,
secondary_outcome_evidence,https://www.brookings.edu/articles/chinas-orwellian-social-credit-score-isnt-real/,2026-09-15T14:40:00+00:00,HEAD,200,http_success,https://www.brookings.edu/articles/chinas-orwellian-social-credit-score-isnt-real/,
secondary_outcome_evidence,https://www.bundestag.de/resource/blob/412372/479d45f0586c5ce47d531ffe0b683131/wd-3-248-12-pdf-data.pdf,2026-09-15T14:40:00+00:00,HEAD,400,http_error,https://www.bundestag.de/.enodia/challenge?redirect=%2Fresource%2Fblob%2F412372%2F479d45f0586c5ce47d531ffe0b683131%2Fwd-3-248-12-pdf-data.pdf,
secondary_outcome_evidence,https://www.caida.org/catalog/datasets/ipv6_dnsnames/,2026-09-15T14:40:00+00:00,HEAD,404,http_not_found,https://www.caida.org/catalog/datasets/ipv6_dnsnames/,
secondary_outcome_evidence,https://www.camara.leg.br/proposicoesWeb/fichadetramitacao?idProposicao=534039,2026-09-15T14:40:01+00:00,HEAD,200,http_success,https://www.camara.leg.br/proposicoesWeb/fichadetramitacao?idProposicao=534039,
secondary_outcome_evidence,https://www.ccc.de/en/updates/2011/analysiert-aktueller-staatstrojaner,2026-09-15T14:40:01+00:00,HEAD,200,http_success,https://www.ccc.de/en/updates/2011/analysiert-aktueller-staatstrojaner,
secondary_outcome_evidence,https://www.cisco.com/c/en/us/td/docs/solutions/Enterprise/Campus/CampIPv6.html,2026-09-15T14:40:01+00:00,HEAD,403,blocked_or_rate_limited,https://www.cisco.com/c/en/us/td/docs/solutions/Enterprise/Campus/CampIPv6.html,
secondary_outcome_evidence,https://www.congress.gov/bill/109th-congress/senate-bill/1789,2026-09-15T14:40:01+00:00,HEAD,403,blocked_or_rate_limited,https://www.congress.gov/bill/109th-congress/senate-bill/1789,
secondary_outcome_evidence,https://www.congress.gov/bill/115th-congress/senate-bill/2261,2026-09-15T14:40:01+00:00,HEAD,403,blocked_or_rate_limited,https://www.congress.gov/bill/115th-congress/senate-bill/2261,
secondary_outcome_evidence,https://www.congress.gov/bill/116th-congress/senate-bill/1540,2026-09-15T14:40:01+00:00,HEAD,403,blocked_or_rate_limited,https://www.congress.gov/bill/116th-congress/senate-bill/1540,
secondary_outcome_evidence,https://www.counterpointresearch.com/insights/one-billion-smartphones-feature-face-recognition-2020/,2026-09-15T14:40:01+00:00,HEAD,200,http_success,https://counterpointresearch.com/en/insights/one-billion-smartphones-feature-face-recognition-2020,
secondary_outcome_evidence,https://www.csk.gov.in/alerts/silex.html,2026-09-15T14:40:02+00:00,HEAD,200,http_success,https://www.csk.gov.in/alerts/silex.html,
secondary_outcome_evidence,https://www.darkreading.com/cyberattacks-data-breaches/koobface-worm-targets-myspace-other-sites,2026-09-15T14:40:02+00:00,HEAD,403,blocked_or_rate_limited,https://www.darkreading.com/cyberattacks-data-breaches/koobface-worm-targets-myspace-other-sites,
secondary_outcome_evidence,https://www.dni.gov/files/ODNI/documents/assessments/ICA-declass-16MAR21.pdf,2026-09-15T14:40:02+00:00,HEAD,403,blocked_or_rate_limited,https://www.dni.gov/files/ODNI/documents/assessments/ICA-declass-16MAR21.pdf,
secondary_outcome_evidence,https://www.eff.org/deeplinks/2015/08/windows-10-microsoft-blatantly-disregards-user-choice-and-privacy-deep-dive,2026-09-15T14:40:02+00:00,HEAD,404,http_not_found,https://www.eff.org/deeplinks/2015/08/windows-10-microsoft-blatantly-disregards-user-choice-and-privacy-deep-dive,
secondary_outcome_evidence,https://www.emsec.ruhr-uni-bochum.de/research/publications/Keeloq/,2026-09-15T14:40:03+00:00,HEAD,,network_error,,URLError
secondary_outcome_evidence,https://www.enisa.europa.eu/publications/enisa-threat-landscape-2013-overview-of-current-and-emerging-cyber-threats,2026-09-15T14:40:03+00:00,HEAD,200,http_success,https://www.enisa.europa.eu/publications/enisa-threat-landscape-2013-overview-of-current-and-emerging-cyber-threats,
secondary_outcome_evidence,https://www.europarl.europa.eu/legislative-train/carriage/ttip-intellectual-property-geographical-indications/report?sid=601,2026-09-15T14:40:03+00:00,HEAD,202,http_success,https://www.europarl.europa.eu/legislative-train/carriage/ttip-intellectual-property-geographical-indications/report?sid=601,
secondary_outcome_evidence,https://www.fbi.gov/news/speeches-and-testimony/going-dark-encryption-technology-and-the-balances-between-public-safety-and-privacy,2026-09-15T14:40:04+00:00,HEAD,200,http_success,https://www.fbi.gov/news/speeches-and-testimony/going-dark-encryption-technology-and-the-balances-between-public-safety-and-privacy,
secondary_outcome_evidence,https://www.fda.gov/media/102583/download,2026-09-15T14:40:04+00:00,HEAD,200,http_success,https://www.fda.gov/media/102583/download,
secondary_outcome_evidence,https://www.gao.gov/products/gao-12-961,2026-09-15T14:40:04+00:00,HEAD,403,blocked_or_rate_limited,https://www.gao.gov/products/gao-12-961,
secondary_outcome_evidence,https://www.govinfo.gov/content/pkg/CHRG-114shrg26536/pdf/CHRG-114shrg26536.pdf,2026-09-15T14:40:04+00:00,HEAD,200,http_success,https://www.govinfo.gov/content/pkg/CHRG-114shrg26536/pdf/CHRG-114shrg26536.pdf,
secondary_outcome_evidence,https://www.govinfo.gov/content/pkg/CRPT-117hrpt663/pdf/CRPT-117hrpt663.pdf,2026-09-15T14:40:05+00:00,HEAD,200,http_success,https://www.govinfo.gov/content/pkg/CRPT-117hrpt663/pdf/CRPT-117hrpt663.pdf,
secondary_outcome_evidence,https://www.heise.de/news/Bericht-Zahl-der-Sicherheitsluecken-nimmt-ab-1433686.html,2026-09-15T14:40:05+00:00,HEAD,200,http_success,https://www.heise.de/news/Bericht-Zahl-der-Sicherheitsluecken-nimmt-ab-1433686.html,
secondary_outcome_evidence,https://www.icann.org/en/announcements/details/new-gtld-collision-occurrence-management-plan-frequently-asked-questions-3-12-2013-en,2026-09-15T14:40:05+00:00,HEAD,,network_error,,TimeoutError
secondary_outcome_evidence,https://www.intel.com/content/www/us/en/developer/articles/technical/intel-avx-512-instructions.html,2026-09-15T14:40:06+00:00,HEAD,403,blocked_or_rate_limited,https://www.intel.com/content/www/us/en/developer/articles/technical/intel-avx-512-instructions.html,
secondary_outcome_evidence,https://www.internetsociety.org/resources/2017/state-of-ipv6-deployment-2017/,2026-09-15T14:40:06+00:00,HEAD,200,http_success,https://www.internetsociety.org/resources/doc/2017/state-of-ipv6-deployment-2017/,
secondary_outcome_evidence,https://www.kb.cert.org/vuls/id/466428,2026-09-15T14:40:06+00:00,HEAD,200,http_success,https://www.kb.cert.org/vuls/id/466428,
secondary_outcome_evidence,https://www.macworld.com/article/179006/security-41.html,2026-09-15T14:40:07+00:00,HEAD,200,http_success,https://www.macworld.com/article/179006/security-41.html,
secondary_outcome_evidence,https://www.mckinsey.com/~/media/mckinsey/business%20functions/risk/our%20insights/mckinsey-on-risk-number-18/mckinsey-on-risk-and-resilience-issue-18.pdf,2026-09-15T14:40:07+00:00,HEAD,,network_error,,TimeoutError
secondary_outcome_evidence,https://www.microsoft.com/en-us/security/business/security-intelligence-report,2026-09-15T14:40:07+00:00,HEAD,200,http_success,https://www.microsoft.com/en-us/security/security-insider/threat-landscape/microsoft-digital-defense-report-archives,
secondary_outcome_evidence,https://www.microsoft.com/en-us/wdsi/threats/malware-encyclopedia-description?Name=Exploit%3AiPhoneOS%2FCVE-2009-2204,2026-09-15T14:40:08+00:00,HEAD,200,http_success,https://www.microsoft.com/en-us/wdsi/threats/threat-search?query=Exploit:iPhoneOS/CVE-2009-2204,
secondary_outcome_evidence,https://www.rfc-editor.org/rfc/rfc7381.html,2026-09-15T14:40:08+00:00,HEAD,200,http_success,https://www.rfc-editor.org/rfc/rfc7381.html,
secondary_outcome_evidence,https://www.rfidjournal.com/news/assa-abloy-creates-nfc-solution-that-uses-phones-to-open-doors-grant-computer-access/83855/,2026-09-15T14:40:08+00:00,HEAD,200,http_success,https://www.rfidjournal.com/news/assa-abloy-creates-nfc-solution-that-uses-phones-to-open-doors-grant-computer-access/83855/,
secondary_outcome_evidence,https://www.sans.org/white-papers/33969/,2026-09-15T14:40:09+00:00,HEAD,200,http_success,https://www.sans.org/white-papers/33969,
secondary_outcome_evidence,https://www.sec.gov/Archives/edgar/data/1644675/000119312516602289/d151376d20f.htm,2026-09-15T14:40:11+00:00,HEAD,403,blocked_or_rate_limited,https://www.sec.gov/Archives/edgar/data/1644675/000119312516602289/d151376d20f.htm,
secondary_outcome_evidence,https://www.securityweek.com/security-mergers-and-acquisitions/,2026-09-15T14:40:11+00:00,HEAD,404,http_not_found,https://www.securityweek.com/security-mergers-and-acquisitions/,
secondary_outcome_evidence,https://www.tagesspiegel.de/politik/bundestrojaner-noch-viele-fragen-1540825.html,2026-09-15T14:40:11+00:00,HEAD,200,http_success,https://www.tagesspiegel.de/politik/bundestrojaner-noch-viele-fragen-1540825.html,
secondary_outcome_evidence,https://www.uscc.gov/research/chinas-corporate-social-credit-system-context-competition-technology-and-geopolitics,2026-09-15T14:40:12+00:00,HEAD,200,http_success,https://www.uscc.gov/research/chinas-corporate-social-credit-system-context-competition-technology-and-geopolitics,
secondary_outcome_evidence,https://www.usenix.org/conference/usenixsecurity18/presentation/bock,2026-09-15T14:40:12+00:00,HEAD,200,http_success,https://www.usenix.org/conference/usenixsecurity18/presentation/bock,
secondary_outcome_evidence,https://www.usenix.org/event/sec07/tech/hypponen.pdf,2026-09-15T14:40:12+00:00,HEAD,200,http_success,https://www.usenix.org/legacy/event/sec07/tech/hypponen.pdf,
secondary_outcome_evidence,https://www.usitc.gov/publications/332/pub4481.pdf,2026-09-15T14:40:13+00:00,HEAD,403,blocked_or_rate_limited,https://www.usitc.gov/publications/332/pub4481.pdf,
secondary_outcome_evidence,https://www.virusbulletin.com/blog/2009/07/yxe-trojan-infecting-mobile-phones/,2026-09-15T14:40:13+00:00,HEAD,200,http_success,https://www.virusbulletin.com/blog/2009/07/yxe-trojan-infecting-mobile-phones/,
secondary_outcome_evidence,https://www.vpnmentor.com/blog/report-orvibo-leak/,2026-09-15T14:40:13+00:00,HEAD,200,http_success,https://www.vpnmentor.com/blog/cybersecurity/report-orvibo-leak/,
secondary_outcome_evidence,https://www.vusec.net/projects/flip-feng-shui/,2026-09-15T14:40:13+00:00,HEAD,200,http_success,https://www.vusec.net/projects/flip-feng-shui/,
