selection_order,session_id,candidate_order,prediction_key,deadline,judgment,judgment_binary_primary,evidence_strength,primary_evidence_url,secondary_evidence_url,evidence_date_or_period,evidence_summary,threshold_application,conflict_or_missing_application,coder,evaluated_at,notes
1,BHPRO-2005-01,06,1-BHPRO-2005-01-06,2006-07-28,not_fulfilled,0,strong,https://www.gao.gov/assets/gao-06-674.pdf,https://www.congress.gov/bill/109th-congress/senate-bill/1789,2006-06,"GAO found that FCRA and GLBA coverage was limited and recommended extending safeguarding duties to all sensitive personal information held even by information resellers; the broader Senate proposal remained legislation rather than an enacted generally applicable duty.","The frozen threshold required a generally applicable duty in force, not sectoral duties or an introduced bill. That condition was not met by the deadline.","Sector-specific safeguards existed, but they do not satisfy the frozen population. GAO's contemporaneous review supplies affirmative evidence of the gap rather than inference from silence.",Codex,2026-08-08,"Prediction scored against federal/general US coverage, consistent with its frozen wording."
4,BHPRO-2014-03,03,4-BHPRO-2014-03-03,2015-08-07,not_fulfilled,0,strong,https://www.intel.com/content/www/us/en/products/sku/94035/intel-xeon-phi-processor-7250-16gb-1-40-ghz-68-core/specifications.html,https://www.intel.com/content/www/us/en/developer/articles/technical/intel-avx-512-instructions.html,2016-Q2,"Intel identifies Knights Landing as the first AVX-512 implementation and lists the qualifying Xeon Phi 7250 launch in Q2 2016.","The first qualifying physical implementation arrived after 7 August 2015, so the explicit deadline was missed.","Pre-release specifications, emulators and announcements are excluded by the frozen requirement for physical hardware shipping or publicly available.",Codex,2026-08-08,"Intel ARK and Intel's AVX-512 technical page are mutually consistent."
11,CCC-2005-002,09,11-CCC-2005-002-09,2015-12-27,indeterminate,,moderate,https://www.radicati.com/wp/wp-content/uploads/2015/02/Email-Statistics-Report-2015-2019-Executive-Summary.pdf,https://www.sec.gov/Archives/edgar/data/1644675/000119312516602289/d151376d20f.htm,2015,"Contemporaneous evidence estimates 205.6 billion emails per day worldwide and documents commercial archives at petabyte scale, but no located product documentation explicitly claims capacity to store all worldwide email traffic.","Neither the frozen success threshold—an explicitly documented all-world-email product—nor its contradiction threshold is established.","Absence of a located marketing or technical claim is not evidence that no qualifying commercial system existed; the preregistered missing-evidence rule therefore requires indeterminate.",Codex,2026-08-08,"Capacity calculations were not substituted for the required explicit capability statement."
23,CCC-2018-085,05,23-CCC-2018-085-05,2019-12-31,fulfilled,1,strong,https://digital.nhs.uk/cyber-alerts/2019/cc-3120,https://www.csk.gov.in/alerts/silex.html,2019-06-27_to_2019-07-03,"NHS Digital and India's official botnet-cleaning centre documented the Silex worm spreading against IoT devices in June 2019 and compromising them through default Telnet credentials.","One documented in-the-wild 2019 campaign using a named frozen mechanism is sufficient; Silex directly satisfies occurrence, target, mechanism and year.","Two independent governmental technical advisories agree; no material conflict remains.",Codex,2026-08-08,"The evidence describes active spreading and affected devices, not a proof of concept."
133,CCC-2017-072,01,133-CCC-2017-072-01,2018-03-21,fulfilled,1,strong,https://english.kiesraad.nl/latest/news/2018/03/29/results-of-the-referendum-on-the-intelligence-and-security-services-act,,2018-03-21,"The Dutch Electoral Council published the official results of the advisory referendum on the Intelligence and Security Services Act, recording votes cast in that referendum.","The official national vote occurred on the exact predicted date, 21 March 2018.","An authoritative election record directly establishes the event; no conflicting evidence.",Codex,2026-08-08,"Exact-date prediction fulfilled."
45,CCC-2005-006,01,45-CCC-2005-006-01,2006-12-31,indeterminate,,moderate,https://nvd.nist.gov/vuln/detail/CVE-2006-2312,https://www.kb.cert.org/vuls/id/466428,2006,"A 2006 disclosure affected the then-new Skype 2.0 URI handler and allowed an authorized remote party to cause arbitrary file downloads, but the located primary records do not establish code execution, credential theft or unauthorized message/session access. Other located IM flaws either affected established products or were disclosed after 2006.","The closest qualifying-new-service evidence does not meet one of the frozen security impacts, while the search did not establish that no other qualifying disclosure existed.","Because the contradiction rule calls for a comprehensive review and the historical disclosure record is incomplete, the case remains indeterminate rather than a presumed miss.",Codex,2026-08-08,"A broad CVE-family search should be independently replicated before final lock."
45,CCC-2005-006,02,45-CCC-2005-006-02,2006-12-31,fulfilled,1,strong,https://www.cs.virginia.edu/~robins/Malware_Goes_Mobile.pdf,https://www.usenix.org/event/sec07/tech/hypponen.pdf,2006,"Contemporaneous technical reporting documents CommWarrior variants actively propagating phone-to-phone by Bluetooth and MMS during 2006; retrospective incident material reports infections across more than 30 countries and a corporate mass-infection event.","Cross-country and organizational infection evidence greatly exceeds the frozen minimum of ten independently operated phones, and propagation was autonomous from infected phones.","Although the family originated in 2005, the prediction required qualifying spread during 2006 rather than a newly created family; the evidence covers 2006 variants and incidents.",Codex,2026-08-08,"The USENIX slide deck corroborates real-world breadth; the Scientific American article supplies contemporaneous mechanism and observed-device context."
45,CCC-2005-006,03,45-CCC-2005-006-03,2006-12-31,not_fulfilled,0,moderate,https://seclists.org/cert/2006/8,https://www.macworld.com/article/179006/security-41.html,2006,"The major 2006 Apple security advisories document many flaws delivered through Software Update, including code-execution issues in Mail, Safari and iChat, but the located evidence does not identify the Mac OS X update mechanism or its trust path as the vulnerable component.","Being patched by Software Update is explicitly insufficient under the frozen rule; no qualifying update-mechanism disclosure was established for 2006.","The distinction between a vulnerable updater and vulnerabilities distributed as updates resolves the apparent positive evidence. Historical absence is coded as non-fulfilment under the row's frozen rule.",Codex,2026-08-08,"Mozilla's separate 2006 auto-update vulnerability was not counted because the population was specifically Mac OS X's mechanism."
39,CCC-2006-011,01,39-CCC-2006-011-01,2007-12-31,fulfilled,1,strong,https://www.bgbl.de/xaver/bgbl/start.xav?start=%2F%2F%2A%5B%40attr_id%3D%27bgbl107s3198.pdf%27%5D,https://www.bundestag.de/resource/blob/412372/479d45f0586c5ce47d531ffe0b683131/wd-3-248-12-pdf-data.pdf,2007,"Germany enacted the telecommunications-surveillance and data-retention reform, made fingerprint-bearing electronic passports operational, and activated the central inter-agency counterterrorism database on 30 March 2007.","Telecommunications retention/interception, biometric identity/travel and intelligence-law-enforcement databases are three distinct frozen domains with enacted or operational expansion.","Each domain is supported by an official legal or parliamentary record; proposals were not counted.",Codex,2026-08-08,"The passport regulation and Bundestag record provide additional official corroboration."
39,CCC-2006-011,03,39-CCC-2006-011-03,2007-12-31,not_fulfilled,0,moderate,https://www.tagesspiegel.de/politik/bka-stellt-software-zur-online-durchsuchung-vor-1539442.html,https://www.tagesspiegel.de/politik/bundestrojaner-noch-viele-fragen-1540825.html,2007-08,"The BKA demonstrated an internally developing Remote Forensic Software concept in 2007, but contemporaneous reporting states that the technology was not mature and that the necessary legal basis was still absent.","A development-stage demonstration is expressly insufficient; no operational use or official procurement by the BKA was established by year end.","State-level contracts and later BKA capabilities were excluded under the frozen agency and deadline rules.",Codex,2026-08-08,"Scored as a miss rather than crediting near-completion."
39,CCC-2006-011,04,39-CCC-2006-011-04,2007-12-31,fulfilled,1,moderate,https://www.tagesspiegel.de/politik/behorden-sind-gute-kunden-1981750.html,,2007-12,"Procurement records reported from tender documents show the Baden-Württemberg state criminal police contracted DigiTask in December 2007 for a €1.2 million telecommunications-surveillance application.","A German public authority contracted an external private supplier for a material covert interception component before year end.","The frozen claim is not limited to the BKA. The contract is specific to surveillance technology, rather than generic IT consulting.",Codex,2026-08-08,"Evidence is documentary reporting of tender records; retrieval of the underlying award file would strengthen replication."
39,CCC-2006-011,05,39-CCC-2006-011-05,2007-12-31,indeterminate,,weak,,,2006-2007,"No reproducible frozen-equivalent CVE query or curated dataset was located that consistently counts exploitable graphics, wireless-chipset, peripheral-firmware and comparable non-IP component disclosures in both years.","The required direction comparison cannot be calculated without post hoc category judgments that would materially alter the frozen indicator.","The missing-data rule requires the same query and inclusion rules for both years; ad hoc examples cannot establish a count trend.",Codex,2026-08-08,"Requires a separately reproducible historical CVE ontology exercise."
39,CCC-2006-011,06,39-CCC-2006-011-06,2007-12-31,not_fulfilled,0,weak,,,2007,"The audit located no verifiable 2007 case of a consumer VoIP, IPTV or dedicated media set-top appliance operating as botnet infrastructure or a Tor node; nearby cases involve general-purpose computers or later router botnets.","No qualifying occurrence was established by the deadline.","Because the row's frozen rule treats absence as non-fulfilment, later or non-appliance cases were not used to rescue the prediction.",Codex,2026-08-08,"Low evidence strength: historical device-botnet coverage is incomplete."
39,CCC-2006-011,11,39-CCC-2006-011-11,2007-12-31,indeterminate,,weak,https://seclists.org/fulldisclosure/,,,"The Full Disclosure archive is accessible, but 'bogus advisory' has no stable archive label and a reliable 2006-versus-2007 event count would require subjective full-corpus coding and cross-post deduplication.","The frozen comparative threshold was not computable from archive metadata alone.","Because comparable archive completeness and classification could not be demonstrated, the explicit missing-data rule mandates indeterminate.",Codex,2026-08-08,"Do not substitute total message volume or isolated hoaxes for the frozen bogus-event count."
39,CCC-2006-011,13,39-CCC-2006-011-13,2007-12-31,not_fulfilled,0,moderate,https://nvd.nist.gov/vuln/detail/CVE-2007-1993,https://media.blackhat.com/bh-dc-11/Larimer/BlackHat_DC_2011_Larimer_Vulnerabiliters_w-removeable_storage-wp.pdf,2007,"The closest 2007 filesystem record found concerns remote RPC handling in HP-UX PFS, not code execution triggered by mounting or parsing attacker-controlled removable media. Later removable-filesystem research identifies the relevant class but not a qualifying 2007 disclosure.","No 2007 disclosure met the frozen trigger and impact together.","Document parser, Autorun and remotely invoked filesystem-service bugs were excluded as preregistered; absence is non-fulfilment under the row rule.",Codex,2026-08-08,"Moderate confidence pending a reproducible NVD filesystem-component query."
25,CCC-2007-013,01,25-CCC-2007-013-01,2008-06-20,not_fulfilled,0,strong,https://interoperable-europe.ec.europa.eu/collection/egovernment/document/eu-recommendation-privacy-and-data-protection-applications-supported-radio-frequency-identification,https://interoperable-europe.ec.europa.eu/sites/default/files/document/2014-12/recommendationonrfid2009.pdf,2009-05-12,"The European Commission's final privacy and RFID recommendation was published on 12 May 2009.","Publication occurred nearly eleven months after the frozen 20 June 2008 deadline.","Draft consultation material before the deadline was excluded exactly as preregistered.",Codex,2026-08-08,"Correct institution and instrument, wrong date."
60,CCC-2006-008,01,60-CCC-2006-008-01,2008-12-28,not_fulfilled,0,moderate,https://www.iihs.org/topics/advanced-driver-assistance,,2008,"Contemporaneous model histories show radar- or laser-based collision assistance confined to selected premium models and early introductions; broad standardization and mass-market penetration occurred much later.","No major market approached the frozen greater-than-50% share of new registrations or model lines by December 2008.","Ultrasonic parking aids and camera-only systems were excluded. Available historical model evidence is sufficient to reject majority prevalence, although no single census covers every model line.",Codex,2026-08-08,"The threshold was deliberately stringent; isolated Honda, Toyota, Mercedes, Volvo and similar systems do not satisfy it."
111,CCC-2007-014,01,111-CCC-2007-014-01,2008-12-31,fulfilled,1,strong,https://nvd.nist.gov/vuln/detail/CVE-2008-2639,https://advisories.checkpoint.com/defense/advisories/public/2009/cpai-2008-348.html/,2008,"Public 2008 disclosures affected at least CitectSCADA and DATAC RealWin, two distinct industrial control products; both included remotely reachable buffer-overflow impacts and Citect was rated high with complete-control consequences.","Two distinct product disclosures plus a high-impact case satisfy the frozen worsening proxy.","The evidence concerns process-control products rather than office IT and uses initial 2008 disclosure records.",Codex,2026-08-08,"NIST's 2008 ICS security publications corroborate the contemporaneous exposure context."
111,CCC-2007-014,02,111-CCC-2007-014-02,2008-12-31,fulfilled,1,strong,https://www.secure-medicine.org/icd-study/icd-study.pdf,https://www.emsec.ruhr-uni-bochum.de/research/publications/Keeloq/,2008,"Researchers publicly demonstrated wireless attacks against an implantable cardiac device and a complete cryptanalytic break affecting KeeLoq-based vehicle and building access controllers in 2008.","Medical implants and vehicle/access-control components are two distinct unexpected embedded-device categories first publicly demonstrated that year.","The attacks compromise embedded device functions or trust mechanisms; mere barcode manipulation and ordinary routers are not counted.",Codex,2026-08-08,"Two peer-reviewed or university primary research lines satisfy category breadth."
111,CCC-2007-014,03,111-CCC-2007-014-03,2008-12-31,fulfilled,1,strong,https://www.adobe.com/support/security/advisories/apsa08-03.html,https://www.adobe.com/support/security/advisories/apsa08-08.html,2008,"Adobe issued at least three separate critical 2008 Flash-related advisories or clusters, including APSA08-03, APSA08-08/APSB08-18 and APSA08-09; the Flash Player clickjacking issue affected all supported platforms.","The count reaches three distinct critical clusters and includes cross-platform Flash Player exposure.","Separate disclosures were counted once each; multiple CVEs inside one bulletin were not inflated.",Codex,2026-08-08,"Adobe's archived bulletin index and APSB08-24 provide corroborating year-end security updates."
111,CCC-2007-014,04,111-CCC-2007-014-04,2008-12-31,fulfilled,1,strong,https://www.microsoft.com/en-us/wdsi/threats/malware-encyclopedia-description?Name=Backdoor%3AWin32%2FKoobface.A,https://www.darkreading.com/cyberattacks-data-breaches/koobface-worm-targets-myspace-other-sites,2008-08_to_2008-12,"Microsoft documents Koobface spreading through both MySpace and Facebook, while contemporaneous reporting records expansion to Bebo and other social networks during 2008.","Automated propagation on at least two distinct social-network services directly meets the threshold.","This is cross-service behavior, not merely cross-operating-system execution or copied proof-of-concept code.",Codex,2026-08-08,"Strong vendor evidence for the two-platform minimum."
111,CCC-2007-014,05,111-CCC-2007-014-05,2008-12-31,indeterminate,,weak,https://cloud.googleblog.com/2008/12/google-apps-on-campus-getting-things.html,,2008,"Hosted university email adoption was widespread internationally in 2008, but the located deployment lists do not establish production adoption by two distinct publicly governed German institutions before year end.","The frozen Germany-specific two-institution threshold is neither met nor contradicted by the available evidence.","International universities and mere consideration of hosting were excluded; historical German procurement and deployment records remain incomplete.",Codex,2026-08-08,"Requires German institutional archive research rather than inference from global Google Apps adoption."
80,CCC-2007-012,04,80-CCC-2007-012-04,2008-12-31,indeterminate,,weak,,,2007-2008,"Individual Mac malware families and samples are documented in both years, but no located source provides a stable same-taxonomy family or sample series for 2007 and 2008.","The required direction cannot be computed reproducibly from anecdotes or later undeduplicated lists.","The frozen rule requires comparable series and majority agreement if several exist; missing comparable denominators mandate indeterminate.",Codex,2026-08-08,"Do not substitute total detections or press salience for distinct-family counts."
80,CCC-2007-012,05,80-CCC-2007-012-05,2008-12-31,not_fulfilled,0,moderate,https://support.apple.com/en-us/HT201222,https://www.microsoft.com/en-us/wdsi/threats/malware-encyclopedia-description?Name=Exploit%3AiPhoneOS%2FCVE-2009-2204,2008,"No qualifying 2008 malicious-code family or port linking iPhone OS and Mac OS X was documented. The first widely documented iPhone worms appeared in 2009, while later cross-platform families such as WireLurker appeared years afterward.","The deadline passed without a qualifying sample satisfying target, malicious-code status and shared code or lineage.","Benign jailbreak tools and browser exploits were excluded under the frozen rule; later iPhone or Mac-linked malware cannot satisfy 2008.",Codex,2026-08-08,"Moderate confidence based on platform security histories and malware chronologies."
103,CCC-2008-019,01,103-CCC-2008-019-01,2009-12-31,fulfilled,1,strong,https://privacyrights.org/data-breaches,https://www.gao.gov/products/gao-12-961,2009,"The Privacy Rights Clearinghouse chronology contains well over five distinct 2009 incidents exceeding 100,000 personal records, including Health Net, National Archives media, Virginia health-professions data and other large non-card-only events.","Deduplicated qualifying incidents exceed the frozen minimum of five and each crosses 100,000 records.","Payment-card-only cases were excluded; the result remains above threshold using events involving names, health, Social Security or other personal data.",Codex,2026-08-08,"A reproducible extract of the evolving PRC database should be archived with the final replication package."
103,CCC-2008-019,02,103-CCC-2008-019-02,2009-12-31,fulfilled,1,strong,https://media.ccc.de/v/26c3-3654-en-gsm_srsly,https://arxiv.org/abs/1107.1086,2009-12,"At 26C3, Karsten Nohl and collaborators publicly released distributed A5/1 cracking tables and presented a practical attack path against deployed GSM confidentiality using independently obtainable radio data and tools.","The public tables and accompanying artifacts constitute a reproducible deployed-network attack by 31 December 2009.","Earlier expensive demonstrations were not needed; the 26C3 release supplies the required public artifacts and independent-researcher availability.",Codex,2026-08-08,"Exact conference-deadline hit."
103,CCC-2008-019,03,103-CCC-2008-019-03,2009-12-31,indeterminate,,weak,,,2008-2009,"The audit located examples of geographic-circumvention proxy and VPN growth but not three independent like-for-like series or one authoritative global series measuring qualifying circumvention use in both 2008 and 2009.","The frozen 25% majority or 50% global threshold cannot be calculated.","Corporate VPN counts and total Tor users were not silently treated as geographic-filter bypass usage; incompatible definitions require indeterminate.",Codex,2026-08-08,"Historical commercial VPN market estimates do not isolate the frozen purpose."
103,CCC-2008-019,04,103-CCC-2008-019-04,2009-12-31,fulfilled,1,strong,https://www.adobe.com/support/security/advisories/apsa09-04.html,https://nvd.nist.gov/vuln/detail/CVE-2009-1862,2009,"Adobe's 2009 bulletins and NVD records document more than five distinct high-severity Flash Player vulnerabilities across the year's update clusters; CVE-2009-1862 was exploited in the wild through crafted SWF/PDF content.","The vulnerability count exceeds five and the active-exploitation alternative is directly satisfied.","Distinct CVEs/root causes were counted, not repeated notices for the same patch; ordinary webcam APIs were not counted.",Codex,2026-08-08,"Adobe APSB09-10 and APSB09-19 provide the principal multi-CVE clusters."
103,CCC-2008-019,05,103-CCC-2008-019-05,2009-12-31,not_fulfilled,0,moderate,https://www.cisco.com/c/en/us/support/docs/csa/cisco-sa-20080610-snmpv3.html,https://snmp.com/news/cert_878044.shtml,2009,"The prominent multi-vendor SNMPv3 authentication weakness was publicly disclosed in 2008; Cisco's January 2009 revision added affected products but did not create five distinct 2009 disclosure or incident events. The audit did not identify five qualifying new events in 2009.","The frozen minimum of five was not reached; one to four events are explicitly non-fulfilment.","Duplicate vendor advisories and revisions for VU#878044 were treated as one underlying flaw.",Codex,2026-08-08,"Moderate confidence; a full NVD component query could further document the negative count."
103,CCC-2008-019,06,103-CCC-2008-019-06,2009-12-31,not_fulfilled,0,moderate,https://www.informationactivism.org/en/balloon-mapping-documenting-the-gulf-coast-oil-spill-and-student-protests-chile.html,,2009-2010,"Documented activist balloon-mapping campaigns meeting the predicted imaging-platform concept become visible in 2010 and later; the audit found no evidence of ten separate 2009 deployments across three campaigns or organizations.","The very high frozen breadth threshold was not met in 2009.","Military surveillance balloons, static propaganda balloons without imaging or communications payloads and the DARPA prize balloons themselves were excluded.",Codex,2026-08-08,"A few isolated actions would still score as a miss under the preregistered ten-deployment rule."
103,CCC-2008-019,07,103-CCC-2008-019-07,2009-12-31,indeterminate,,moderate,https://ora.ox.ac.uk/objects/uuid%3A6d1260fd-b8ee-4a11-8a5f-e7708d543651,,2008-2009,"GhostNet provides strong evidence of extensive targeted attacks against Tibetan institutions, NGOs, media and other high-value targets disclosed in 2009, but no comparable series supplies a consistently coded 2008 denominator and 2009 numerator.","Salient 2009 campaigns do not alone establish the frozen 25% year-on-year increase in a majority of series.","Campaign counts cannot be reconstructed without post hoc scope choices; therefore the direction claim is indeterminate.",Codex,2026-08-08,"This distinction prevents a famous event from being treated as proof of trend magnitude."
103,CCC-2008-019,08,103-CCC-2008-019-08,2009-12-31,fulfilled,1,strong,https://ora.ox.ac.uk/objects/uuid%3A6d1260fd-b8ee-4a11-8a5f-e7708d543651,,2009,"The GhostNet investigation documented tailored malicious email and malware operations against Tibetan institutions and a broader network of 1,295 infected hosts in 103 countries, including many NGOs, media and governmental organizations.","A shared group-selective campaign affected far more than five organizations and was publicly documented in 2009.","The campaign used targeted lures and payloads rather than language-only mass spam; multiple victims are part of one qualifying event.",Codex,2026-08-08,"The threshold asks for one campaign, so no year-on-year denominator is needed."
103,CCC-2008-019,09,103-CCC-2008-019-09,2009-12-31,indeterminate,,moderate,https://www.cert-ist.com/eng/ressources/Publications_ArticlesBulletins/VersVirusetAntivirus/symbian_signed_malware/,https://www.virusbulletin.com/blog/2009/07/yxe-trojan-infecting-mobile-phones/,2009,"Yxes/Sexy Space was an in-the-wild signed Symbian worm and mobile botnet that spread through SMS links and affected users in China and the Middle East, but located sources do not establish 10,000 devices or operation across three specifically documented countries or networks.","Occurrence and mechanism are proven, while the frozen scale threshold is not.","Incomparable and unquantified telemetry triggers indeterminate rather than inferring substantial population from press descriptions.",Codex,2026-08-08,"A later Fortinet technical paper may permit a stronger scale judgment if raw telemetry is recoverable."
25,CCC-2007-013,05,25-CCC-2007-013-05,2009-12-31,not_fulfilled,0,strong,https://eur-lex.europa.eu/eli/reco/2009/387/oj/eng,https://interoperable-europe.ec.europa.eu/collection/rolling-plan-ict-standardisation/internet-things-rp-2026,2009,"The Commission issued an RFID privacy recommendation in May 2009 and a separate Internet of Things action plan as Communication COM(2009)278. The recommendation itself addresses RFID applications but does not materially or explicitly constitute an IoT recommendation.","No Commission recommendation explicitly addressing IoT was published by the deadline; the IoT instrument was a communication, not a recommendation.","The frozen rule expressly forbids silently equating the RFID recommendation with an IoT recommendation. Correct instrument type controls the judgment.",Codex,2026-08-08,"Substantive policy activity occurred, but the explicit predicted document type did not."
70,CCC-2009-021,01,70-CCC-2009-021-01,2010-12-31,indeterminate,,moderate,https://www.bfdi.bund.de/SharedDocs/Downloads/EN/Taetigkeitsberichte/23TB_09_10.pdf?__blob=publicationFile&v=5,https://www.bfdi.bund.de/SharedDocs/Downloads/DE/Taetigkeitsberichte/23TB_09_10.pdf?__blob=publicationFile&v=5,2010,"Germany's federal data-protection commissioner explicitly connected smart-meter energy-efficiency objectives with privacy risks and design requirements in 2010, and academic interventions framed the same conflict. The audit did not verify three independent authoritative interventions within the calendar year.","The substance and visibility of the conflict are proven, but the frozen breadth threshold of three authoritative interventions is not securely met.","Later 2011-2012 legal scholarship, WP29 and EDPS opinions were excluded from the 2010 window; uncertainty in independence requires indeterminate.",Codex,2026-08-08,"A targeted search of all German state data-protection commissioner archives could resolve this hold."
70,CCC-2009-021,02,70-CCC-2009-021-02,2010-12-31,fulfilled,1,strong,https://www.ischool.berkeley.edu/research/publications/2010/inferring-personal-information-demand-response-systems,https://colab.ws/articles/10.1145%2F1878431.1878446,2010,"Multiple 2010 studies demonstrated that fine-grained whole-house electricity traces permit inference of appliance use and complex household activity patterns; contemporaneous NILM work experimentally disaggregated appliance operation.","At least two appliance or activity classes were inferred from granular data, satisfying the occurrence threshold.","Monthly aggregate billing was not counted; the cited work uses fine-grained demand traces and statistical disaggregation.",Codex,2026-08-08,"Peer-reviewed primary research directly matches the predicted privacy mechanism."
70,CCC-2009-021,05,70-CCC-2009-021-05,2010-12-31,indeterminate,,weak,,,2010,"Public reporting contains individual fraud-alert card blocks and precautionary replacements, but the audit did not establish three independent large-scale 2010 incidents in which automated scoring materially selected the affected population.","The frozen three-incident threshold cannot be distinguished from ordinary breach-driven mass replacement on available evidence.","Cases where a known breach alone determined replacement were excluded; missing documentation of automation requires indeterminate.",Codex,2026-08-08,"Bank operational opacity makes historical false-positive attribution particularly weak."
70,CCC-2009-021,10,70-CCC-2009-021-10,2010-12-31,not_fulfilled,0,moderate,https://datatracker.ietf.org/doc/html/rfc6092,,2010,"The IETF's residential IPv6 security guidance codified simple security and stateful filtering for customer-premises routers, reflecting the prevailing practice of blocking unsolicited inbound traffic even when endpoints held global addresses.","No documented deployment-weighted sample showed more than half of consumer or mobile IPv6 endpoints directly reachable inbound by year end.","Global addressing was not equated with reachability; the frozen rule explicitly excludes endpoints behind stateful firewalls.",Codex,2026-08-08,"The prediction's architectural intuition missed the default-firewall layer."
70,CCC-2009-021,11,70-CCC-2009-021-11,2010-12-31,fulfilled,1,strong,https://wikileaks.org/wiki/Category%3A2010,https://wikileaks.org/10years/WikiLeaks10yrsPressPack.pdf,2010,"Public leak platforms released numerous distinct datasets in 2010, including Collateral Murder, the Afghan War Diary, the Iraq War Logs, Cablegate, the Reykjavik/Icesave cable and additional independently sourced institutional records.","At least five non-mirror datasets were released, exceeding the frozen recurring-phenomenon threshold.","The four major Manning-derived collections were treated as distinct underlying datasets as permitted by the rule, and independent smaller-source releases make the result robust to grouping them more conservatively.",Codex,2026-08-08,"WikiLeaks alone is sufficient; mirrors were not counted."
100,CCC-2010-028,02,100-CCC-2010-028-02,2011-06-30,not_fulfilled,0,strong,https://www.cve.org/About/Metrics,https://www.heise.de/news/Bericht-Zahl-der-Sicherheitsluecken-nimmt-ab-1433686.html,2011-H1,"CVE's historical quarterly series and Secunia's contemporary statistics show that vulnerability volume in 2011 was below earlier peaks; Secunia counted 14% fewer CVE-linked vulnerabilities in all of 2011 than 2010 and 24% fewer than 2006.","The first half of 2011 did not exceed every earlier half-year in a consistent global series.","The conclusion uses publication-period counts, not later assignment-year labels; no equally comprehensive catalog supports a record.",Codex,2026-08-08,"Strong directional contradiction despite database backfill caveats."
100,CCC-2010-028,01,100-CCC-2010-028-01,2011-12-31,fulfilled,1,strong,https://www.ccc.de/en/updates/2011/staatstrojaner,https://www.ccc.de/en/updates/2011/analysiert-aktueller-staatstrojaner,2011,"The CCC published binaries and two technical analyses of German source-interception malware in October 2011; ensuing admissions documented multiple deployments in Bavaria and other states, alongside separate parliamentary, legal and data-protection investigations.","Distinct deployments plus technical disclosures and accountability proceedings exceed five events, with primary technical artifacts satisfying the source requirement.","Repeated press stories about one binary were deduplicated; separate target deployments and state proceedings count under the frozen rule.",Codex,2026-08-08,"This prediction strongly fulfilled both occurrence and salience."
100,CCC-2010-028,03,100-CCC-2010-028-03,2011-12-31,not_fulfilled,0,moderate,https://www.eff.org/deeplinks/2011/02/newly-released-documents-detail-fbi-s-plan-expand,https://www.fbi.gov/news/speeches-and-testimony/going-dark-encryption-technology-and-the-balances-between-public-safety-and-privacy,2011,"The United States FBI publicly advanced modernization of lawful-intercept obligations for Internet services, and the United Kingdom continued its Communications Capabilities Development Programme. The audit did not establish a third distinct qualifying 2011 initiative across the required institutions or jurisdictions.","Two identifiable initiatives fall short of the frozen minimum of three.","General cybercrime proposals without an access, attribution or encryption-control mechanism were excluded; later UK draft legislation from 2012 and later encryption debates do not qualify.",Codex,2026-08-08,"Near miss: the policy direction was real but the preregistered breadth threshold was not reached."
27,CCC-2012-032,08,27-CCC-2012-032-08,2013-01-27,fulfilled,1,strong,https://www.camara.leg.br/noticias/365888-projeto-propoe-reforma-na-lei-de-direito-,https://www.camara.leg.br/proposicoesWeb/fichadetramitacao?idProposicao=534039,2012,"Brazil's Chamber of Deputies formally considered Bill 3133/2012, a broad copyright-law reform whose official Chamber account explicitly says it was prepared with suggestions from FGV's Center for Technology and Society.","A qualifying FGV-linked bill was introduced and under parliamentary consideration before 27 January 2013.","The institutional linkage is stated by the legislature itself; later ECAD legislation was not needed to satisfy the threshold.",Codex,2026-08-08,"Clear fulfilment several months before the deadline."
41,CCC-2011-031,01,41-CCC-2011-031-01,2012-12-31,indeterminate,,weak,,,2012,"The search found attacks and implementation weaknesses affecting authentication systems, but did not isolate a 2012 primary technical disclosure in which the hardware banking token itself was the practical bypass path under the frozen definition.","Available records cannot establish the required qualifying disclosure.","Server-side banking compromises and social engineering that merely solicit a token code were excluded.",Codex,2026-08-08,"Historical product opacity prevents a defensible binary judgment."
41,CCC-2011-031,02,41-CCC-2011-031-02,2012-12-31,indeterminate,,weak,,,2012,"Public lock-security demonstrations existed in 2012, but the audit could not verify three distinct marketed product families, each using an already-known weak smart-card technology, from preserved primary technical material.","The frozen three-family threshold remains unverified.","Multiple locks sharing one underlying product family or newly discovered weaknesses were not counted twice.",Codex,2026-08-08,"Conference-video survival is insufficient for reliable product-family coding."
41,CCC-2011-031,03,41-CCC-2011-031-03,2012-12-31,fulfilled,1,strong,https://www.globenewswire.com/news-release/2012/09/25/492510/13741/en/HID-Global-Completes-World-s-First-Series-of-NFC-Enabled-Smartphone-Pilots-That-Open-Doors-in-the-Enterprise.html,https://www.rfidjournal.com/news/assa-abloy-creates-nfc-solution-that-uses-phones-to-open-doors-grant-computer-access/83855/,2012,"HID documented NFC-enabled Galaxy S III phones storing provisioned credentials and opening enterprise doors in completed Netflix and Good Technology pilots; ASSA ABLOY separately described its commercial Seos mobile-access solution.","At least one commercially supplied handset-and-reader system was deployed for real physical access by year end.","The pilots involved actual workplace doors and users, not a laboratory-only demonstration.",Codex,2026-08-08,"Strong contemporary vendor evidence with named deployment sites."
41,CCC-2011-031,04,41-CCC-2011-031-04,2012-12-31,indeterminate,,weak,,,2011-2012,"Contemporary releases show growth in signed-boot and store-restricted devices, but no preserved source supplies a reproducible, fixed-vendor product-family census for both 2011 and 2012.","The required year-over-year count cannot be calculated under identical coding rules.","Anecdotal prominence and unit sales were not substituted for the preregistered family count.",Codex,2026-08-08,"The prediction is plausible but its frozen trend test is not recoverable."
41,CCC-2011-031,05,41-CCC-2011-031-05,2012-12-31,not_fulfilled,0,moderate,https://www.enisa.europa.eu/publications/info-notes/spam-and-phishing-in-q3-2012,https://securelist.com/spam-in-2012/36683/,2012,"Major contemporaneous spam reviews describe attachment, link, obfuscation and social-engineering techniques but document no campaign using valid PGP encryption or signatures principally to evade content filters.","No qualifying campaign was identified in broad 2012 spam reporting.","Ordinary encrypted transport, password-protected archives and spoofed signature blocks were excluded.",Codex,2026-08-08,"Non-fulfilment rests on broad specialist coverage rather than proof of universal absence."
41,CCC-2011-031,06,41-CCC-2011-031-06,2012-12-31,not_fulfilled,0,moderate,https://www.enisa.europa.eu/publications/info-notes/spam-and-phishing-in-q3-2012,,2012,"The audit found no documented material provider that blocked encrypted mail by default in 2012 together with evidence that users consequently suppressed or abandoned encrypted communication.","Neither a complete qualifying paired event nor its behavioral consequence was documented.","Generic attachment blocking and inability to inspect encrypted payloads do not satisfy the two-part rule without measured or reported abandonment.",Codex,2026-08-08,"The causal behavioral element makes this a clear threshold miss in the available record."
41,CCC-2011-031,07,41-CCC-2011-031-07,2012-12-31,fulfilled,1,strong,https://www.5gtechnologyworld.com/sensory-brings-voice-activation-to-the-samsung-galaxy-hi-galaxy/,https://news.samsung.com/global/samsung-galaxy-s-iii-designed-for-humans-and-inspired-by-nature,2012,"Samsung's mass-market Galaxy S II, Note and S III incorporated Sensory's low-power TrulyHandsfree trigger; contemporary documentation describes the system as always-on and always-listening and activated by the phrase 'Hi Galaxy.'","A qualifying mass-market handset family with continuous local trigger detection was released in 2012.","The trigger detector, rather than continuous cloud recording, is the capability frozen by the prediction.",Codex,2026-08-08,"Fulfilled earlier than the better-known 2013 Moto X implementation."
41,CCC-2011-031,08,41-CCC-2011-031-08,2012-12-31,indeterminate,,weak,,,2011-2012,"Many prominent privacy disputes occurred in both years, but no preregistered archive or reproducible search frame yields comparable deduplicated controversy counts for 2011 and 2012.","The required year-over-year comparison cannot be reconstructed reliably.","News volume and subjective prominence were not treated as counts of distinct controversies.",Codex,2026-08-08,"A broad and elastic outcome defeats stable retrospective enumeration."
51,BHPRO-2012-03,08,51-BHPRO-2012-03-08,2013-12-31,indeterminate,,moderate,https://newgtlds.icann.org/en/blog/first-delegation-21oct13-en,https://www.icann.org/en/announcements/details/new-gtld-collision-occurrence-management-plan-frequently-asked-questions-3-12-2013-en,2013,"ICANN delegated the first four non-Latin new gTLDs in October 2013 and published operational root-query analyses, but the preserved 2013 material does not show one of those newly delegated IDN labels in an enterprise SIEM, DNS or security log after delegation.","Delegation alone does not meet the frozen operational-log-example threshold.","DITL observations of applied-for strings before delegation and existing IDN country-code domains were excluded as specified.",Codex,2026-08-08,"Near fulfilment, but the prediction deliberately required the observable logging consequence."
100,CCC-2010-028,04,100-CCC-2010-028-04,2013-12-29,indeterminate,,weak,,,2013,"Interactive calculation-bearing government PDF forms were widespread, especially in tax and benefits workflows, but the audit could not document ten distinct authorities across three jurisdictions with preserved primary files and qualifying script behavior.","The numerical and jurisdictional threshold remains unverified.","Static fillable PDFs and third-party form mirrors were excluded; present-day files cannot prove the feature existed by the deadline.",Codex,2026-08-08,"Web-archive loss prevents a defensible authority-level census."
104,CCC-2010-024,01,104-CCC-2010-024-01,2013-12-31,not_fulfilled,0,strong,https://www.gesetze-im-internet.de/bmg/,https://dserver.bundestag.de/btd/17/077/1707746.pdf,2013,"Germany enacted a uniform Federal Registration Act, but the operative design retained municipal registration authorities and federated register queries rather than proposing consolidation into a federal population database or centralized federal access service.","No qualifying federal consolidation or centralized-access proposal was identified by year end.","A nationally uniform legal framework was not equated with a centralized population register.",Codex,2026-08-08,"The forecast conflated federal legislation with federal data centralization."
127,CCC-2012-037,01,127-CCC-2012-037-01,2013-12-31,fulfilled,1,moderate,https://securelist.com/mobile-malware-evolution-2013/58335/,https://www.enisa.europa.eu/publications/enisa-threat-landscape-2013-overview-of-current-and-emerging-cyber-threats,2013,"Systematic 2013 mobile-malware and threat-landscape reviews cover SMS fraud, banking theft, surveillance, botnets and privilege abuse but report no deployed malware hijacking a context-aware mobile assistant's query or recommendation output.","The required negative condition holds across broad contemporaneous threat coverage.","Generic search redirection and adware were excluded unless they intercepted an assistant-specific contextual exchange.",Codex,2026-08-08,"Moderate rather than strong because absence can only be established through coverage."
127,CCC-2012-037,02,127-CCC-2012-037-02,2013-12-31,fulfilled,1,strong,https://www.fda.gov/medical-devices/digital-health-center-excellence/cybersecurity,https://www.fda.gov/media/102583/download,2013,"The FDA issued a June 2013 safety communication and draft premarket cybersecurity guidance. Independent 2013 research, specialist reporting and government exercises generated well over five substantive items across multiple sources concerning networked implants, pumps and hospital devices.","The regulator communication plus the frozen five-item and three-source salience thresholds were met.","Repeated reports of one demonstration were deduplicated; the FDA actions, distinct device research and separate government exercise coverage remain sufficient.",Codex,2026-08-08,"A clear agenda-setting year for medical-device cybersecurity."
127,CCC-2012-037,03,127-CCC-2012-037-03,2013-12-31,indeterminate,,weak,,,2013,"Records discuss validation burdens and patching constraints for medical and industrial systems, but the audit could not verify three distinct 2013 records spanning two safety-critical sectors that explicitly make the required causal link.","The cross-sector three-record threshold remains unverified.","General claims that legacy systems are hard to patch were excluded unless certification, safety approval or a qualified configuration was expressly identified.",Codex,2026-08-08,"The phenomenon is credible but the exact 2013 evidentiary bundle is incomplete."
27,CCC-2012-032,04,27-CCC-2012-032-04,2014-06-30,fulfilled,1,strong,https://eur-lex.europa.eu/legal-content/EN/TXT/?uri=CELEX:32014L0026,,2014-H1,"The only material copyright measure adopted by the deadline was the narrowly scoped collective-rights-management directive; no broad reform of EU copyright's substantive exclusive rights, limitations or digital-market framework was finally adopted.","The preregistered negative condition held through 30 June 2014.","Consultations and pending proposals were excluded because the rule required final adoption; the 2014 directive did not meet the frozen substantive-reform definition.",Codex,2026-08-08,"The later Digital Single Market reform falls outside the horizon."
34,CCC-2013-034,08,34-CCC-2013-034-08,2014-12-31,not_fulfilled,0,moderate,https://biometrics.mainguet.org/appli/appli_smartphones_history.htm,https://www.biometricupdate.com/wp-content/uploads/2014/08/Mobile-Biometric-Authentication-Report.pdf,2014,"A model-level census identified fingerprint phones from Samsung, Huawei, Meizu, Oppo and several smaller Asian vendors, but fewer than ten clearly qualifying 2014 announcements could be verified across five non-Apple manufacturers.","The combined ten-model and five-manufacturer threshold was not met on classifiable contemporary records.","2013 announcements, tablets, later regional variants and duplicate carrier versions were excluded.",Codex,2026-08-08,"Adoption accelerated, but the frozen threshold was intentionally demanding."
34,CCC-2013-034,09,34-CCC-2013-034-09,2014-12-31,not_fulfilled,0,moderate,https://srlabs.de/bites/spoofing-fingerprints,https://techcrunch.com/2014/04/15/samsung-galaxy-s5-fingerprint-sensor/,2014,"SRLabs reproducibly bypassed the Galaxy S5 fingerprint reader with a lifted-print spoof, but the audit found no second distinct non-Apple smartphone introduced in 2014 with a qualifying public bypass by year end.","One verified model falls short of the required two.","Repetition of the Galaxy S5 demonstration and attacks on Apple's 2013 iPhone were deduplicated or excluded.",Codex,2026-08-08,"A precise one-model near miss."
34,CCC-2013-034,10,34-CCC-2013-034-10,2014-12-31,not_fulfilled,0,strong,https://news.samsung.com/global/10-sensors-of-galaxy-s5-heart-rate-finger-scanner-and-more,https://consumer.huawei.com/en/press/news/2014/ifa2014-mate7/,2014,"Major 2014 fingerprint smartphones stored and matched templates in protected on-device environments; Samsung explicitly stated each device encrypted its fingerprint data so even Samsung could not decode it. No majority using remote cloud matching was documented.","The remote-matching share was not above 50 percent and the dominant classifiable architecture was local.","Cloud account use and remote payment authorization were not equated with transmitting fingerprint templates for matching.",Codex,2026-08-08,"Strong directional contradiction to the predicted architecture."
34,CCC-2013-034,11,34-CCC-2013-034-11,2014-12-31,indeterminate,,weak,,,2014,"UEFI firmware was standard at major PC OEMs and supported updateable components, but preserved 2014 product documentation did not establish post-manufacture loadable modules as a promoted capability of a newly introduced product line.","The exact product-line and promoted-capability threshold remains unverified.","Routine whole-firmware updates and internal modular architecture were excluded.",Codex,2026-08-08,"Technically plausible but not evidenced at the frozen marketing/documentation level."
34,CCC-2013-034,12,34-CCC-2013-034-12,2014-12-31,indeterminate,,moderate,https://www.cs.tau.ac.il/~tromer/acoustic/,https://arxiv.org/abs/1411.0237,2014,"2014 produced important acoustic and electromagnetic leakage demonstrations, but the audit could not confirm three independent teams recovering cryptographic secrets or authentication credentials across two qualifying channel categories within the calendar year.","The three-team, two-category conjunction remains unverified.","Device fingerprinting and exfiltration without recovery of a secret or credential were excluded.",Codex,2026-08-08,"Salience rose, but the preregistered evidentiary bundle is incomplete."
34,CCC-2013-034,13,34-CCC-2013-034-13,2014-12-31,fulfilled,1,moderate,https://arxiv.org/abs/1403.5727,https://arxiv.org/abs/1408.1416,2014,"Independent research showed that unpermissioned smartphone motion sensors could infer sensitive user input and uniquely fingerprint devices, causing sensor access to be treated as a security and credential-exposure problem.","The research branch was met by multiple independent teams by year end.","Pure activity recognition was excluded; qualifying work demonstrated security-relevant inference or identification.",Codex,2026-08-08,"Fulfilled through research even without a major platform mitigation."
34,CCC-2013-034,14,34-CCC-2013-034-14,2014-12-31,indeterminate,,weak,,,2014,"Baseband research disclosed serious modem attack surfaces in 2014, but the audit could not verify a remotely exploitable flaw, a public practical demonstration and authoritative exposure of at least one million deployed devices in the same qualifying record.","The compound exploitability-and-scale threshold remains unverified.","Local host-to-modem flaws, malicious-firmware assumptions and unquantified protocol weaknesses were excluded.",Codex,2026-08-08,"The broad 'baseband apocalypse' narrative outruns the preserved 2014 evidence."
20,CCC-2012-033,01,20-CCC-2012-033-01,2015-12-27,fulfilled,1,strong,https://global.toyota/en/detail/4228471/,https://pressroom.toyota.com/?generate_pdf=10570,2015,"Toyota commercialized ITS Connect on production vehicles in Japan in 2015, using dedicated short-range radio for vehicle-to-vehicle and vehicle-to-infrastructure safety communication.","At least one automaker commercially offered a qualifying factory-installed production model before the deadline.","Forward announcements were corroborated by Toyota's later official commercialization record.",Codex,2026-08-08,"Clear fulfilment at the deadline year."
123,CCC-2014-048,01,123-CCC-2014-048-01,2015-12-31,fulfilled,1,strong,https://learn.microsoft.com/en-us/windows/deployment/update/waas-overview,https://www.eff.org/deeplinks/2015/08/windows-10-microsoft-blatantly-disregards-user-choice-and-privacy-deep-dive,2015,"Windows 10 materially expanded automatic and, for consumer editions, effectively mandatory updating; the change generated sustained controversy across major technology and policy outlets within weeks of launch.","One major platform change and well over five reports across three independent sources occurred within a 90-day window.","Coverage of telemetry alone was excluded; the qualifying controversy specifically concerned forced or non-consensual updates.",Codex,2026-08-08,"A conspicuous and well-documented 2015 peak."
123,CCC-2014-048,02,123-CCC-2014-048-02,2015-12-31,fulfilled,1,strong,https://www.nhtsa.gov/technology-innovation/automated-vehicles-safety,https://waymo.com/blog/2015/05/google-self-driving-car-project,2015,"Autonomous road vehicles received extensive 2015 attention from regulators, automakers, technology firms, professional bodies and general news, easily exceeding ten substantive items across five sources and multiple source types.","The frozen volume, source-diversity and source-type thresholds were exceeded.","Driver-assistance stories were excluded unless they addressed automated driving as defined.",Codex,2026-08-08,"A high-confidence salience outcome."
123,CCC-2014-048,03,123-CCC-2014-048-03,2015-12-31,indeterminate,,weak,,,2015,"Hotel Wi-Fi providers used captive portals, analytics and content injection, but the audit could not tie a named zero-price guest offering by the deadline to qualifying provider-side interception or an explicitly traffic-funded business model using preserved operational evidence.","The required named offering plus monetization/interception mechanism remains unverified.","Hotels charging for access, blocking personal hotspots, or collecting ordinary registration details did not qualify by themselves.",Codex,2026-08-08,"A plausible business practice with insufficient contemporaneous traceability."
92,CCC-2014-045,01,92-CCC-2014-045-01,2016-12-28,not_fulfilled,0,strong,https://eur-lex.europa.eu/eli/reg/2015/758/oj,https://ec.europa.eu/commission/presscorner/detail/en/IP_18_2263,2016,"EU legislation required new vehicle types to carry eCall only from 31 March 2018. Before that mandate, deployments were optional and no evidence shows standard fitment in a majority of new models by December 2016.","The greater-than-50-percent standard-equipment threshold was not reached by the deadline.","Optional proprietary emergency-call systems and future type approvals were not counted as standard EU eCall fitment.",Codex,2026-08-08,"The prediction was roughly two years early."
131,CCC-2015-056,01,131-CCC-2015-056-01,2016-12-31,fulfilled,1,strong,https://www.usenix.org/conference/usenixsecurity16/technical-sessions/presentation/razavi,https://www.vusec.net/projects/flip-feng-shui/,2016,"Flip Feng Shui demonstrated controlled cross-VM Rowhammer exploitation, while Drammer independently demonstrated deterministic Rowhammer exploitation on Android mobile devices.","Two distinct 2016 publications added new practical target classes and security impacts beyond the original work.","Follow-up descriptions of the same exploit were deduplicated; cross-VM and mobile exploitation count separately.",Codex,2026-08-08,"A clear continuation and diversification of Rowhammer."
131,CCC-2015-056,02,131-CCC-2015-056-02,2016-12-31,fulfilled,1,moderate,https://www.ftc.gov/system/files/documents/reports/big-data-growing-concern-class-action-fairness-report-workshop/big_data_growing_concern_class_action_fairness_report_workshop.pdf,https://journals.sagepub.com/doi/10.1177/0306422016643031,2016,"Contemporary smart-TV documentation and privacy analysis showed voice and viewing data flowing from mass-market televisions to the device maker, speech-processing vendors and advertising or analytics parties.","A named mass-market smart-TV class transmitted data to at least three organizationally distinct recipients including non-brand parties.","Basic infrastructure endpoints were excluded; recipients performing speech, audience measurement or advertising functions were counted.",Codex,2026-08-08,"Moderate because recipient mappings varied by model and region."
131,CCC-2015-056,03,131-CCC-2015-056-03,2016-12-31,not_fulfilled,0,moderate,https://eur-lex.europa.eu/eli/reg/2015/2120/oj,https://trai.gov.in/sites/default/files/Regulation_Data_Service.pdf,2016,"Rather than a qualifying deterioration, enforceable EU open-internet rules took effect and India adopted strong rules against discriminatory data-service tariffs in 2016. No jurisdiction representing five percent of global users was shown repealing a safeguard that year.","Neither the jurisdictional weakening nor permitted paid-prioritization branch was met.","Political proposals and later US repeal activity were excluded from the 2016 window.",Codex,2026-08-08,"The forecast direction materialized later in the United States, not within its horizon."
131,CCC-2015-056,05,131-CCC-2015-056-05,2016-12-31,fulfilled,1,strong,https://www.apple.com/customer-letter/,https://www.govinfo.gov/content/pkg/CHRG-114shrg26536/pdf/CHRG-114shrg26536.pdf,2016,"Apple litigated the FBI's demand to create bypass software, while Google, Microsoft, Facebook, Amazon and other major firms publicly opposed exceptional-access mandates and filed supporting briefs; the Burr-Feinstein encryption bill added a legislative branch.","Multiple major companies opposed the demands and the dispute generated both litigation and proposed national legislation.","General privacy disputes were excluded; the evidence directly concerns compelled weakening or bypass of encryption.",Codex,2026-08-08,"One of the corpus's most conspicuous fulfilments."
31,VB-2016-P01,02,31-VB-2016-P01-02,2016-12-31,not_fulfilled,0,moderate,https://www.crunchbase.com/hub/cyber-security-acquired-companies,https://www.securityweek.com/security-mergers-and-acquisitions/,2016-Q4,"The post-talk window ran from 7 October through 31 December 2016. A transaction search did not identify three distinct qualifying endpoint-security vendor acquisitions announced during that short interval.","Fewer than three qualifying acquisitions were announced after the talk and before year end.","Deals announced before the talk, general network-security targets and minority investments were excluded.",Codex,2026-08-08,"The directional consolidation claim was plausible but missed its unusually short frozen window."
51,BHPRO-2012-03,02,51-BHPRO-2012-03-02,2017-07-26,fulfilled,1,strong,https://www.google.com/intl/en/ipv6/statistics.html,https://www.internetsociety.org/resources/2017/state-of-ipv6-deployment-2017/,2017,"Global IPv6 use exceeded ten percent well before July 2017, and major fixed and mobile operators documented dual-stack production in which endpoints received globally routable IPv6 while retaining IPv4 service through provider or customer NAT.","The measurement threshold and the alternative major-operator-production branch were both met.","IPv6 tunnels were excluded; the cited deployment reporting concerns native provider IPv6 alongside IPv4.",Codex,2026-08-08,"A robust architectural transition prediction."
51,BHPRO-2012-03,03,51-BHPRO-2012-03-03,2017-07-26,fulfilled,1,moderate,https://www.cisco.com/c/en/us/td/docs/solutions/Enterprise/Campus/CampIPv6.html,https://www.rfc-editor.org/rfc/rfc7381.html,2017,"Enterprise IPv6 deployment guides and validated designs consistently assigned global unicast addresses internally while prescribing route filtering, ACLs and perimeter policy to withhold external reachability from designated subnets.","At least five independently instantiated vendor or enterprise designs met both global-address and selective-nonpublic-routing elements.","Stateful firewalling alone was not counted unless the design also specified routing or reachability policy.",Codex,2026-08-08,"Moderate because several deployments inherit a common vendor reference design."
51,BHPRO-2012-03,04,51-BHPRO-2012-03-04,2017-07-26,indeterminate,,weak,,,2017,"Authenticated web proxies and identity-aware gateways were widely deployed, but preserved documentation rarely tied their identity correlation specifically to changing dual-stack IPv4/IPv6 addresses as the frozen rule requires.","Three explicit qualifying architectures could not be verified.","Generic user-aware proxying without the dual-stack correlation rationale was excluded.",Codex,2026-08-08,"The function existed, but the predicted causal framing is not recoverable."
51,BHPRO-2012-03,05,51-BHPRO-2012-03-05,2017-07-26,indeterminate,,moderate,https://www.google.com/intl/en/ipv6/statistics.html,https://www.caida.org/catalog/datasets/ipv6_dnsnames/,2012-2017,"IPv6 deployment and responsive-address observations grew by far more than fivefold from 2012 to 2017, but comparable measurements do not reliably separate ordinary client or CPE endpoints from public server infrastructure.","The growth component is clear, but the frozen non-server endpoint classification cannot be established.","Aggregate IPv6 adoption was not substituted for direct reachability of enterprise or consumer endpoints.",Codex,2026-08-08,"Indeterminate due to population classification, not trend direction."
51,BHPRO-2012-03,06,51-BHPRO-2012-03-06,2017-07-26,not_fulfilled,0,moderate,https://www.rfc-editor.org/rfc/rfc7707,https://www.sans.org/white-papers/33969/,2017,"IPv6-specific covert channels and evasion concepts were documented, but the audit found fewer than three independent practical demonstrations by July 2017 satisfying concealment, IPv6-specific dependence and monitoring-evasion requirements together.","The three-demonstration threshold was not met.","Conceptual taxonomies, ordinary tunneling and encryption not dependent on IPv6 fields were excluded.",Codex,2026-08-08,"The threat was technically real but less publicly demonstrated than predicted."
51,BHPRO-2012-03,07,51-BHPRO-2012-03-07,2017-07-26,fulfilled,1,strong,https://www.rfc-editor.org/rfc/rfc7707,https://arxiv.org/abs/1607.05179,2016-2017,"RFC 7707, comprehensive-hitlist research and scanner practice explicitly state that exhaustive random or sequential IPv6 probing is infeasible and prescribe DNS, passive-flow, IPv4 correlation and address-pattern generation.","At least three authoritative sources supplied both the infeasibility finding and nonsequential alternatives.","Scanning a known narrow prefix was not treated as exhaustive Internet reconnaissance.",Codex,2026-08-08,"A precise technical forecast that clearly fulfilled."
59,CCC-2016-060,11,59-CCC-2016-060-11,2017-09-30,fulfilled,1,strong,https://www.macrumors.com/2017/02/24/cellebrite-lawful-unlocking-iphone-6/,https://cellebrite.com/en/cas-sales-inquiry/,2017,"In February 2017 Cellebrite publicly stated that its Advanced Investigative Service could unlock and extract the full file system from iPhone 6 and 6 Plus devices, extending its previously documented forensic access.","A qualifying publicly documented capability existed within the nine-month window.","The outcome is the capability to recover previously inaccessible user data; no claim that every passcode configuration was vulnerable is required.",Codex,2026-08-08,"Fulfilled two months after the talk."
51,BHPRO-2012-03,01,51-BHPRO-2012-03-01,2017-12-31,fulfilled,1,moderate,https://www.rfc-editor.org/rfc/rfc7381.html,https://www.cisco.com/c/en/us/td/docs/solutions/Enterprise/Campus/CampIPv6.html,2017,"Authoritative enterprise guidance documented material changes in address and identity management, perimeter filtering, reconnaissance and monitoring, DNS handling and dual-stack routing compared with conventional IPv4 designs.","At least three distinct changes were documented across standards guidance and multiple deployment-oriented architectures.","Generic claims of modernization were excluded; only named control or topology changes counted.",Codex,2026-08-08,"Fulfilled, though deployment evidence is less abundant than design guidance."
59,CCC-2016-060,01,59-CCC-2016-060-01,2017-12-31,fulfilled,1,moderate,https://www.ncsc.gov.uk/collection/device-security-guidance/managing-deployed-devices/updates,https://support.google.com/chrome/a/answer/7679408,2017,"By year end the sampled consumer platform families predominantly enabled security updates automatically by default, while government and vendor guidance endorsed prompt automatic updating as the secure baseline.","At least six of eight sampled families met the default-update rule and no comparable industry split opposed the principle.","Disputes over timing, bandwidth and user control were distinguished from rejection of automatic security updating itself.",Codex,2026-08-08,"The principle settled even though implementation controversies remained."
59,CCC-2016-060,05,59-CCC-2016-060-05,2017-12-31,fulfilled,1,strong,https://github.com/easylist/easylist,https://easylist.to/easylist/fanboy-annoyance.txt,2017,"Public filter lists used by mainstream ad blockers included rules for social widgets, newsletter prompts, cookie notices and other non-advertising page elements and user-interface content.","At least one operational and reproducible non-advertising content category was suppressed in 2017.","Tracker blocking tied only to advertising was not needed; the annoyance and social lists directly satisfy the broader content criterion.",Codex,2026-08-08,"Clear fulfilment through public version-controlled rules."
43,CCC-2017-073,01,43-CCC-2017-073-01,2018-12-31,not_fulfilled,0,moderate,https://robotattack.org/,https://www.usenix.org/conference/usenixsecurity18/presentation/bock,2017-2018,"ROBOT was publicly disclosed in December 2017 and presented at USENIX in 2018. Implementation advisories issued in 2018 largely concerned that same technique rather than a larger number of distinct newly disclosed adaptive-oracle attacks.","The deduplicated 2018 disclosure count did not exceed the 2017 count.","Conference republication and multiple vendor CVEs for one root technique were deduplicated under the frozen rule.",Codex,2026-08-08,"The apparent 2018 volume is sensitive to improperly counting downstream advisories."
43,CCC-2017-073,02,43-CCC-2017-073-02,2018-12-31,not_fulfilled,0,moderate,https://cve.mitre.org/cgi-bin/cvekey.cgi?keyword=random+2018,https://csrc.nist.gov/publications/detail/sp/800-90b/final,2017-2018,"The search found software RNG and seeding defects in 2018 but no deduplicated increase in disclosed hardware RNG or hardware key-generation designs with demonstrably attack-enabling entropy failure relative to the prominent 2017 ROCA class.","The qualifying 2018 hardware-disclosure count did not exceed 2017.","Software-only PRNG defects and theoretical distrust of hardware generators were excluded.",Codex,2026-08-08,"Non-fulfilment is robust to excluding ambiguous firmware cases from both years."
59,CCC-2016-060,06,59-CCC-2016-060-06,2018-12-31,indeterminate,,moderate,https://github.com/reek/anti-adblock-killer,https://github.com/gorhill/uBlock,2018,"Public anti-anti-adblock scripts and frequently updated distributed filter lists defeated site detection logic, but the surviving record does not establish that an implementation used adaptive algorithmic decision-making rather than centrally maintained rules.","The anti-anti-adblock function is clear; the frozen adaptive-or-distributed-algorithmic element remains ambiguous.","Ordinary subscription distribution and manual rule updates were not automatically treated as distributed computation or adaptation.",Codex,2026-08-08,"A boundary case created by the prediction's strong algorithmic wording."
59,CCC-2016-060,07,59-CCC-2016-060-07,2018-12-31,fulfilled,1,strong,https://arxiv.org/abs/1811.03194,https://arxiv.org/abs/1805.09155,2018,"AdVersarial publicly demonstrated adversarial examples and automated transformations that let publishers or ad networks evade perceptual and machine-learning ad blockers; the work included operational proof-of-concept attacks.","At least one publicly demonstrated adaptive automated evasion system existed by year end.","Static HTML renaming alone was excluded; the qualifying work adapted inputs against learned detection pipelines.",Codex,2026-08-08,"Fulfilled via demonstration, as the frozen rule allowed deployment or public demonstration."
36,BHKEY-2017-01,10,36-BHKEY-2017-01-10,2019-07-26,indeterminate,,weak,,,2017-2019,"Cybersecurity startups emerged from research presented at Black Hat, but the audit could not verify three launches by the deadline whose central products were directly traceable to specific Black Hat USA 2017 research or problems.","The three-startup direct-link threshold remains unverified.","Founder attendance, generic topic similarity and firms founded before the conference were excluded.",Codex,2026-08-08,"Public startup narratives seldom preserve the required conference-level causal link."
31,VB-2016-P01,01,31-VB-2016-P01-01,2019-10-07,indeterminate,,weak,,,2019,"The endpoint market consolidated around EPP and EDR/XDR language, but the proprietary 451 Research taxonomy and its exact top-level category mapping could not be reconstructed at the deadline.","The comparable taxonomy's category count is unavailable.","Gartner or vendor terminology was not substituted for the specifically named research taxonomy.",Codex,2026-08-08,"Indeterminate because the outcome source is paywalled and historically mutable."
130,CCC-2017-061,06,130-CCC-2017-061-06,2019-12-31,not_fulfilled,0,strong,https://www.abiresearch.com/press/fingerprint-sensor-shipments-reach-126-billion-2019-despite-growth-from-face-recognition,https://www.counterpointresearch.com/insights/one-billion-smartphones-feature-face-recognition-2020/,2019,"Simple camera-based face unlock spread widely, but secure depth-based or equivalently strong real-time facial authentication comparable to iPhone X remained concentrated in Apple and a minority of premium Android models; fingerprint shipments remained dominant.","Qualifying models did not account for at least half of global 2019 smartphone shipments.","Insecure 2D face unlock was excluded by the frozen comparability rule.",Codex,2026-08-08,"The broad feature diffused, but not the predicted security-equivalent implementation."
23,CCC-2018-085,01,23-CCC-2018-085-01,2019-12-31,indeterminate,,weak,,,2019,"Programmable controllers were ubiquitous across appliances, toys, vehicles and entertainment devices, but no qualifying 2019 product sample covers four of five frozen categories with an eighty-percent denominator.","The required category-level prevalence evidence is missing.","Examples and shipment totals for selected smart products were not extrapolated to all feature-bearing electrical products.",Codex,2026-08-08,"Conceptually likely, empirically untestable at the frozen threshold."
23,CCC-2018-085,02,23-CCC-2018-085-02,2019-12-31,fulfilled,1,strong,https://www.ftc.gov/system/files/documents/reports/internet-things-privacy-security-connected-world/final_iot_report.pdf,https://arxiv.org/abs/1911.03447,2019,"2019 measurement and incident records document persistent local or cloud storage of telemetry from smart TVs, cameras and smart-home or wearable devices, among other mass-market categories.","At least three distinct mass-market device categories satisfied the persistent-storage rule.","Transient network signaling alone was excluded; the cited systems retained viewing, device, account, video or sensor records.",Codex,2026-08-08,"A high-confidence cross-category fulfilment."
23,CCC-2018-085,03,23-CCC-2018-085-03,2019-12-31,fulfilled,1,strong,https://forums.wyze.com/t/updated-01-06-20-data-leak-12-26-2019/79046,https://www.vpnmentor.com/blog/report-orvibo-leak/,2019,"Distinct 2019 exposures affected connected cameras and home sensors (Wyze), a multi-category smart-home platform (Orvibo), and additional connected-device categories including children's devices and wearables documented in breach and vulnerability reporting.","At least three independent incidents or vulnerabilities exposed collected telemetry in three device categories.","One database spanning many Orvibo products was counted once; separate incidents supplied the category breadth.",Codex,2026-08-08,"The result survives conservative incident deduplication."
23,CCC-2018-085,04,23-CCC-2018-085-04,2019-12-31,fulfilled,1,moderate,https://support.apple.com/guide/security/gatekeeper-and-runtime-protection-sec5599b66df/web,https://learn.microsoft.com/en-us/windows/security/application-security/application-isolation/windows-sandbox/windows-sandbox-overview,2019,"macOS Catalina expanded mandatory notarization and runtime checks, while Windows 10 introduced Windows Sandbox and additional default exploit-protection improvements. No authoritative cross-platform indicator established offsetting deterioration.","At least two sampled platforms introduced material hardening or isolation improvements in 2019.","Routine patch releases were excluded; notarization enforcement and disposable hardware-isolated environments qualify as architectural changes.",Codex,2026-08-08,"Fulfilled through the platform-change branch."
23,CCC-2018-085,06,23-CCC-2018-085-06,2019-12-31,indeterminate,,moderate,https://documents.trendmicro.com/assets/rpt/Trend-Micro-2019-Midyear-Roundup.pdf,https://www.microsoft.com/en-us/security/business/security-intelligence-report,2018-2019,"Some sources reported declines in conventional malware or malicious-site encounters while others reported growth in trojans, ransomware or endpoint detections; comparable populations and definitions differed.","A majority of three independent comparable sources showing at least a ten-percent decline could not be established.","Phishing-only and mobile/IoT series were excluded from the commodity-PC outcome.",Codex,2026-08-08,"Conflicting indicators prevent a binary trend judgment."
23,CCC-2018-085,07,23-CCC-2018-085-07,2019-12-31,indeterminate,,moderate,https://apwg.org/trendsreports/,https://documents.trendmicro.com/assets/rpt/Trend-Micro-2019-Midyear-Roundup.pdf,2018-2019,"Phishing and business-email-compromise remained prominent and technical account compromise enabled persuasive social engineering, but comparable 2018-2019 series disagree on whether incident counts or shares rose by at least ten percent.","The technical-enablement example exists, but the majority-of-three trend branch is unresolved.","Raw report volume and changes in sensor coverage were not treated as incident growth.",Codex,2026-08-08,"The qualitative direction is credible; the quantitative preregistered condition is not proven."
44,VB-2015-P02,01,44-VB-2015-P02-01,2020-10-01,indeterminate,,moderate,https://eur-lex.europa.eu/eli/dir/2015/2366/oj,https://usa.visa.com/support/consumer/visa-rules.html,2015-2020,"PSD2 and payment-network rules changed authentication, chargeback and unauthorized-payment responsibility, but two post-talk implemented changes that both materially reallocated fraud liability and explicitly cited fraud-risk allocation could not be cleanly separated from the already announced US EMV shift.","The two-change threshold remains ambiguous under the post-talk exclusion.","Authentication mandates without a legal allocation change and pre-announced October 2015 EMV rules were excluded.",Codex,2026-08-08,"Substantial change occurred, but attribution to two qualifying new liability reallocations is uncertain."
30,CCC-2018-076,02,30-CCC-2018-076-02,2020-11-03,fulfilled,1,strong,https://www.justice.gov/opa/pr/two-iranian-nationals-charged-cyber-enabled-campaign-threaten-and-influence-american-voters,https://www.dni.gov/files/ODNI/documents/assessments/ICA-declass-16MAR21.pdf,2020,"US authorities attributed an Iranian cyber-enabled voter-intimidation operation and separately assessed Russian state-linked influence activity targeting the 2020 election process before election day.","At least one qualifying foreign state-linked attempted operation occurred by 3 November 2020.","Ordinary public propaganda was excluded; the Iranian operation used compromised infrastructure and voter data in a targeted campaign.",Codex,2026-08-08,"Clear fulfilment despite no alteration of vote totals."
30,CCC-2018-076,03,30-CCC-2018-076-03,2020-11-03,fulfilled,1,strong,https://www.fec.gov/introduction-campaign-finance/election-results-and-voting-information/,https://www.govinfo.gov/content/pkg/CRPT-117hrpt663/pdf/CRPT-117hrpt663.pdf,2020,"The national popular margin coexisted with sub-one-percentage-point outcomes in decisive states including Georgia, Arizona and Wisconsin, while extraordinary litigation, refusal to concede and efforts to overturn certification demonstrate intense division.","At least one frozen close criterion and multiple divisive criteria were met.","Closeness was assessed using the preregistered state-level alternative, not only the national popular vote.",Codex,2026-08-08,"Both halves of the conjunctive prediction fulfilled."
131,CCC-2015-056,04,131-CCC-2015-056-04,2020-12-31,fulfilled,1,moderate,https://arxiv.org/abs/2006.14662,https://arxiv.org/abs/2011.02787,2016-2020,"AI and technology ethics became a recognizable employment and professional field, with recurring institutes, conferences and specialist roles across major technology firms, consultancies, universities and civil-society organizations during multiple years.","At least three years contained recurring professional programs and well over five employers advertising specialist work.","Generic compliance or responsible-innovation roles were counted only when explicitly devoted to algorithmic, AI or technology ethics.",Codex,2026-08-08,"Fulfilled, though historical job-board counts are less durable than program evidence."
136,CCC-2017-062,01,136-CCC-2017-062-01,2020-12-31,not_fulfilled,0,strong,https://www.brookings.edu/articles/chinas-orwellian-social-credit-score-isnt-real/,https://merics.org/en/report/chinas-social-credit-system-2021-fragmentation-towards-integration,2020,"By the end of 2020 China had interoperating regulatory blacklists, court-enforcement lists and local pilots, but no mandatory nationwide general-population rating or universal citizen score with cross-domain consequences.","The frozen mandatory nationwide general-population threshold was not met.","Specific legal blacklists and commercial credit scores were not equated with one general mandatory rating system.",Codex,2026-08-08,"The popularized Black Mirror version did not materialize."
136,CCC-2017-062,02,136-CCC-2017-062-02,2020-12-31,not_fulfilled,0,strong,https://merics.org/en/report/chinas-social-credit-system-2021-fragmentation-towards-integration,https://www.brookings.edu/articles/chinas-orwellian-social-credit-score-isnt-real/,2020,"National identity numbers appeared in many Chinese administrative records, but the prerequisite operative mandatory nationwide person-rating architecture did not exist by the deadline.","The principal-identifier condition cannot be fulfilled without the qualifying nationwide system and was not independently established.","Use of an ID number in a sectoral blacklist was not treated as the key of a universal system.",Codex,2026-08-08,"A dependent prediction that fails on its architectural premise."
136,CCC-2017-062,03,136-CCC-2017-062-03,2020-12-31,not_fulfilled,0,strong,https://merics.org/en/report/chinas-social-credit-system-2021-fragmentation-towards-integration,,2020,"China's actual architecture combined national and local mechanisms, but no qualifying mandatory nationwide citizen system was operational by 2020 from which a two-pilot synthesis could be demonstrated.","The prerequisite system and therefore the frozen synthesis threshold were absent.","Fragmentation among pilots was not itself counted as synthesis into the predicted mandatory national architecture.",Codex,2026-08-08,"The conditional architectural forecast did not mature by its deadline."
136,CCC-2017-062,04,136-CCC-2017-062-04,2020-12-31,not_fulfilled,0,moderate,https://merics.org/en/report/chinas-social-credit-system-2021-fragmentation-towards-integration,,2020,"Some local schools reportedly acted against children of parents on court debt-defaulter lists, but these were overextensions of specific judicial enforcement status, not consequences of a parent's generalized score in the qualifying mandatory national system.","No binding or operational case met all frozen generalized-score and nationwide-system conditions.","Debt-judgment enforcement and isolated local experiments were excluded as preregistered.",Codex,2026-08-08,"A widely repeated anecdote does not satisfy the prediction's stronger institutional claim."
49,CCC-2018-074,01,49-CCC-2018-074-01,2020-12-31,fulfilled,1,strong,https://merics.org/en/report/chinas-social-credit-system-2021-fragmentation-towards-integration,https://www.uscc.gov/research/chinas-corporate-social-credit-system-context-competition-technology-and-geopolitics,2020,"The implemented national architecture consisted principally of sectoral and judicial redlists/blacklists, local rules and inter-agency data platforms, with no universal operative numerical citizen score.","Both decentralized rules-and-data-sharing and absence of a universal citizen score were established by year end.","Commercial Sesame Credit and individual city pilots were not mistaken for the national architecture.",Codex,2026-08-08,"A notably accurate corrective to the sensationalized competing forecast."
30,CCC-2018-076,08,30-CCC-2018-076-08,2021-01-03,not_fulfilled,0,strong,https://www.congress.gov/bill/116th-congress/house-bill/2722/all-info,https://www.congress.gov/bill/116th-congress/senate-bill/1540,116th_Congress,"The SAFE Act and related federal election-security bills proposed paper-ballot, audit and cybersecurity standards but did not become law during the 116th Congress; appropriations and nonbinding guidance did not create the predicted national mechanism.","No qualifying bill was enacted by 3 January 2021.","The IoT Cybersecurity Improvement Act and general cybersecurity statutes were outside the election-specific purpose.",Codex,2026-08-08,"A straightforward legislative non-fulfilment."
126,CCC-2016-058,01,126-CCC-2016-058-01,2021-01-20,fulfilled,1,strong,https://www.congress.gov/bill/116th-congress/house-bill/2722/all-info,https://www.congress.gov/bill/115th-congress/senate-bill/2261,2017-2021,"No federal statute principally requiring auditable paper records, post-election audits or equivalent nationwide election-system safeguards was enacted during the Trump administration.","The preregistered negative condition held through 20 January 2021.","Election-security grants, agency assistance and unenacted bills were excluded by the frozen rule.",Codex,2026-08-08,"The paired positive forecast in the corpus correspondingly failed."
31,VB-2016-P01,06,31-VB-2016-P01-06,2021-10-07,fulfilled,1,strong,https://www.av-comparatives.org/tests/advanced-endpoint-protection-test/,https://av-comparatives.org/tests/endpoint-prevention-response-epr-test-2021/,2021,"Independent testing showed newer products including CrowdStrike and SentinelOne preventing behavior-based and fileless attack chains at levels materially above signature-only baselines and their early-generation positioning.","At least two products met the frozen independent-improvement branch.","Vendor claims alone were not used; the judgment relies on comparative attack-chain testing.",Codex,2026-08-08,"Fulfilled as next-generation products entered standardized tests."
31,VB-2016-P01,07,31-VB-2016-P01-07,2021-10-07,fulfilled,1,strong,https://www.av-comparatives.org/tests/business-security-test-2021-august-november/,https://www.av-test.org/en/antivirus/business-windows-client/,2021,"Multiple newer endpoint vendors, including CrowdStrike and SentinelOne, held recognized certifications or awards from independent anti-malware testing organizations by the deadline.","At least two distinct newer vendors met the certification rule.","Analyst rankings without an anti-malware test or certification were excluded.",Codex,2026-08-08,"Clear institutional normalization of newer vendors."
31,VB-2016-P01,08,31-VB-2016-P01-08,2021-10-07,fulfilled,1,strong,https://av-comparatives.org/tests/endpoint-prevention-response-epr-test-2021/,https://attack.mitre.org/evaluations/enterprise/,2021,"Mainstream EDR/EPP platforms explicitly detected credential theft, script and living-off-the-land abuse, exploit behavior, lateral movement and malicious persistence in addition to malware files.","At least three products covered two or more frozen non-malware classes.","Marketing labels were corroborated with MITRE or independent test behaviors.",Codex,2026-08-08,"The predicted scope expansion was firmly established."
31,VB-2016-P01,09,31-VB-2016-P01-09,2021-10-07,fulfilled,1,strong,https://www.av-comparatives.org/wp-content/uploads/2021/07/avc_biz_2021_07.pdf,https://attack.mitre.org/evaluations/enterprise/,2021,"CrowdStrike, SentinelOne, Cybereason and other newer vendors unified malware prevention with endpoint control, exploit or script protection, device/firewall management and EDR investigation in common agents and consoles.","At least three vendors met malware prevention plus two traditional EPP-function categories.","Separately purchased integrations without a unified product or console were excluded.",Codex,2026-08-08,"A high-confidence convergence result."
31,VB-2016-P01,10,31-VB-2016-P01-10,2021-10-07,fulfilled,1,moderate,https://learn.microsoft.com/en-us/defender-endpoint/device-control-overview,https://www.broadcom.com/products/cyber-security/information-protection/data-loss-prevention,2021,"Commercial endpoint-DLP and endpoint-detection platforms from multiple vendors recorded file/object identity and destination or channel evidence sufficient to determine whether and what protected data left an endpoint.","At least two products met the record-or-object attribution rule.","Generic alerts that only labeled traffic suspicious were excluded; endpoint DLP object and transfer records qualify.",Codex,2026-08-08,"Fulfilled through converged EDR/DLP platforms, with moderate product-version uncertainty."
31,VB-2016-P01,11,31-VB-2016-P01-11,2021-10-07,fulfilled,1,strong,https://learn.microsoft.com/en-us/microsoft-365/security/defender-endpoint/microsoft-defender-endpoint,https://support.apple.com/guide/security/intro-to-app-security-sec35dd877d0/web,2021,"Windows integrated antivirus, firewall, exploit protection and endpoint detection, while macOS integrated Gatekeeper/notarization, XProtect malware controls, firewall and system-integrity protections as default platform functions.","At least two operating-system families each materially provided two listed protective categories without a separate product.","Optional enterprise management subscriptions were not required for the underlying built-in protections.",Codex,2026-08-08,"The platform absorbed substantial standalone security functionality."
112,CCC-2012-034,01,112-CCC-2012-034-01,2022-12-31,fulfilled,1,strong,https://learn.microsoft.com/en-us/lifecycle/announcements/internet-explorer-11-end-of-support,https://gs.statcounter.com/browser-market-share/all/worldwide/2022,2022,"Internet Explorer 11 became unsupported for most Windows 10 uses in June 2022 yet retained more than 0.1 percent of measured global browsing during part of the year; other long-obsolete browser versions also persisted in measurable use.","At least one unsupported browser exceeded the frozen 0.1-percent threshold during 2022.","Edge IE mode was distinguished from use of the unsupported IE desktop application where the series allowed.",Codex,2026-08-08,"A durable and accurately timed legacy-technology prediction."
93,BHKEY-2015-01,01,93-BHKEY-2015-01-01,2025-08-05,not_fulfilled,0,moderate,https://content.naic.org/sites/default/files/inline-files/2025_Cybersecurity_Insurance%20Report.pdf,https://www.mckinsey.com/~/media/mckinsey/business%20functions/risk/our%20insights/mckinsey-on-risk-number-18/mckinsey-on-risk-and-resilience-issue-18.pdf,2024-2025,"Cyber-insurance premiums grew to a roughly fifteen-billion-dollar global market, but available organizational budget studies place insurance well below one quarter of cybersecurity expenditure and provide no two independent central estimates in the predicted 25-to-33.3-percent band.","The required range was not supported by two qualifying studies by 5 August 2025.","Market premium totals were used only as a consistency check, not divided by incomparable global security-market estimates as the primary test.",Codex,2026-08-08,"The forecast substantially overestimated insurance's budget share."
27,CCC-2012-032,01,27-CCC-2012-032-01,event_bound_first_official_negotiation_day,fulfilled,1,strong,https://ustr.gov/ttip,https://www.usitc.gov/publications/332/pub4481.pdf,2013-07,"Official launch and negotiating-mandate materials placed intellectual-property rights among the subjects of the comprehensive TTIP negotiations from their first round.","IP was formally in scope at launch.","Later EU textual proposals were not needed to establish the initial mandate.",Codex,2026-08-08,"Fulfilled at the event-bound deadline."
27,CCC-2012-032,02,27-CCC-2012-032-02,event_bound_first_official_negotiation_day,fulfilled,1,moderate,https://ustr.gov/about-us/policy-offices/press-office/blog/2013/june/2013-Joint-Strategic-Plan-Release,https://www.europarl.europa.eu/legislative-train/carriage/ttip-intellectual-property-geographical-indications/report?sid=601,2013-07,"Contemporaneous USTR launch preparation explicitly sought strong IPR protection and enforcement provisions, and the formal negotiating scope included the IP chapter in that policy context.","At least one official launch-period document placed IP enforcement in scope.","General anti-counterfeiting policy was counted only where the document connected it to the imminent TTIP negotiation.",Codex,2026-08-08,"Fulfilled, with less direct textual evidence than the general IP prediction."
27,CCC-2012-032,03,27-CCC-2012-032-03,event_bound_first_official_negotiation_day,not_fulfilled,0,strong,https://policy.trade.ec.europa.eu/eu-trade-relationships-country-and-region/countries-and-regions/united-states/eu-negotiating-texts-ttip_en,https://ustr.gov/ttip,2013-07,"At launch there was a mandate and subject list, not a jointly tabled operative TTIP IP-enforcement treaty text. Consequently no complete launch-day clause could reproduce TPP wording verbatim while also matching ACTA.","No clause met the frozen three-way verbatim and material-analogy test at launch.","Later negotiating proposals and leaked TPP text were excluded because the deadline was the first official negotiation day.",Codex,2026-08-08,"The prediction overreached from agenda inclusion to textual copying."
