"master_order","frame_id","venue","year","title","session_type","selection_stratum","official_program_url","content_url","metadata_horizon_status","prior_status","source_grade"
"1","BHKEY-2005-01","Black Hat USA","2005","Investing in Our Nation's Security","keynote","keynote","https://blackhat.com/html/bh-media-archives/bh-archives-2005.html","","","zero","pending_archive"
"2","BHPRO-2005-01","Black Hat USA","2005","The Future of Personal Information","panel","prospective_metadata","https://blackhat.com/html/bh-media-archives/bh-archives-2005.html","","","enumerated_already_screened_zero","S3"
"3","BHKEY-2006-01","Black Hat USA","2006","Fighting Organized Cyber Crime – War Stories and Trends","keynote","keynote","https://blackhat.com/html/bh-media-archives/bh-archives-2006.html","","","zero","pending_archive"
"4","BHKEY-2007-01","Black Hat USA","2007","A Story About Digital Security in 2017","keynote","keynote","https://blackhat.com/html/bh-media-archives/bh-archives-2007.html","","","pending_blind_recoder","pending_archive"
"5","BHKEY-2007-02","Black Hat USA","2007","The NSA Information Assurance Directorate and the National Security Community","keynote","keynote","https://blackhat.com/html/bh-media-archives/bh-archives-2007.html","","","zero","pending_archive"
"6","BHKEY-2007-03","Black Hat USA","2007","The Psychology of Security","keynote","keynote","https://blackhat.com/html/bh-media-archives/bh-archives-2007.html","","","zero","S3"
"7","BHKEY-2008-01","Black Hat USA","2008","Complexity in Computer Security: a Risky Business","keynote","keynote","https://blackhat.com/html/bh-usa-08/bh-usa-08-archive.html","","","zero","pending_archive"
"8","BHKEY-2008-02","Black Hat USA","2008","Natural Security","keynote","keynote","https://blackhat.com/html/bh-usa-08/bh-usa-08-archive.html","","","excluded_horizon_not_expired","pending_archive"
"9","BHPRO-2008-01","Black Hat USA","2008","Software Radio and the Future of Wireless Security","briefing","prospective_metadata","https://blackhat.com/html/bh-usa-08/bh-usa-08-archive.html","","","enumerated","pending_archive"
"10","BHKEY-2009-01","Black Hat USA","2009","Cyberspace, A Fragile Ecosystem","keynote","keynote","https://blackhat.com/html/bh-usa-09/bh-usa-09-archives.html","","","pending_primary_recording","pending_archive"
"11","BHPRO-2009-01","Black Hat USA","2009","Psychotronica: Exposure, Control, and Deceit","briefing","prospective_metadata","https://blackhat.com/html/bh-usa-09/bh-usa-09-speakers.html","","","enumerated","pending_archive"
"12","BHPRO-2009-02","Black Hat USA","2009","Veiled: A Browser-Based Darknet","briefing","prospective_metadata","https://blackhat.com/html/bh-usa-09/bh-usa-09-speakers.html","","","enumerated","pending_archive"
"13","BHPRO-2009-03","Black Hat USA","2009","Our Favorite XSS Filters and How to Attack Them","briefing","prospective_metadata","https://blackhat.com/html/bh-usa-09/bh-usa-09-speakers.html","","","enumerated","pending_archive"
"14","BHKEY-2010-01","Black Hat USA","2010","Day One Keynote","keynote","keynote","https://blackhat.com/html/bh-us-10/bh-us-10-schedule.html","","","zero","pending_archive"
"15","BHKEY-2010-02","Black Hat USA","2010","Cyber War: Are We at War? And If We Are, How Should We Fight It?","keynote","keynote","https://blackhat.com/html/bh-us-10/bh-us-10-schedule.html","","","zero","pending_archive"
"16","BHPRO-2010-01","Black Hat USA","2010","Virtual Forensics","briefing","prospective_metadata","https://blackhat.com/html/bh-us-10/bh-us-10-briefings.html","","","enumerated","pending_archive"
"17","BHPRO-2010-02","Black Hat USA","2010","Unauthorized Internet Wiretapping: Exploiting Lawful Intercept","briefing","prospective_metadata","https://blackhat.com/html/bh-us-10/bh-us-10-briefings.html","","","enumerated","pending_archive"
"18","BHPRO-2010-03","Black Hat USA","2010","Drivesploit: Circumventing Both Automated AND Manual Drive-by-Download Detection","briefing","prospective_metadata","https://blackhat.com/html/bh-us-10/bh-us-10-briefings.html","","","enumerated","pending_archive"
"19","BHPRO-2010-04","Black Hat USA","2010","Microsoft Powershell - It's Time to Own","briefing","prospective_metadata","https://blackhat.com/html/bh-us-10/bh-us-10-briefings.html","","","enumerated","pending_archive"
"20","BHPRO-2010-05","Black Hat USA","2010","Exploiting Timing Attacks in Widespread Systems","briefing","prospective_metadata","https://blackhat.com/html/bh-us-10/bh-us-10-briefings.html","","","enumerated","pending_archive"
"21","BHPRO-2010-06","Black Hat USA","2010","App Attack: Surviving the Mobile Application Explosion","briefing","prospective_metadata","https://blackhat.com/html/bh-us-10/bh-us-10-briefings.html","","","enumerated","pending_archive"
"22","BHPRO-2010-07","Black Hat USA","2010","Changing Threats To Privacy: From TIA To Google","briefing","prospective_metadata","https://blackhat.com/html/bh-us-10/bh-us-10-briefings.html","","","enumerated","pending_archive"
"23","BHPRO-2010-08","Black Hat USA","2010","Wardriving the Smart Grid: Practical Approaches to Attacking Utility Packet Radios","briefing","prospective_metadata","https://blackhat.com/html/bh-us-10/bh-us-10-briefings.html","","","enumerated","pending_archive"
"24","BHPRO-2010-09","Black Hat USA","2010","Fast & Furious Reverse Engineering with TitanEngine","briefing","prospective_metadata","https://blackhat.com/html/bh-us-10/bh-us-10-briefings.html","","","enumerated","pending_archive"
"25","BHPRO-2010-10","Black Hat USA","2010","Meet the Feds // CSI: TCP/IP","panel","prospective_metadata","https://blackhat.com/html/bh-us-10/bh-us-10-briefings.html","","","enumerated","pending_archive"
"26","BHKEY-2011-01","Black Hat USA","2011","10th Anniversary of 9/11 and Lessons Learned for Black Hat","keynote","keynote","https://blackhat.com/html/bh-us-11/bh-us-11-archives.html","","","pending_blind_recoder_and_primary_source","pending_archive"
"27","BHKEY-2011-02","Black Hat USA","2011","How a Hacker Has Helped Influence the Government - and Vice Versa","keynote","keynote","https://blackhat.com/html/bh-us-11/bh-us-11-archives.html","","","zero","S3"
"28","BHPRO-2011-01","Black Hat USA","2011","Faces of Facebook—Or, How the Largest Real ID Database in the World Came to Be","briefing","prospective_metadata","https://blackhat.com/html/bh-us-11/bh-us-11-archives.html","","","enumerated","pending_archive"
"29","BHPRO-2011-02","Black Hat USA","2011","KVM: Virtualization Under Attack","briefing","prospective_metadata","https://blackhat.com/html/bh-us-11/bh-us-11-archives.html","","","enumerated","pending_archive"
"30","BHPRO-2011-03","Black Hat USA","2011","SSL and the Future of Authenticity","briefing","prospective_metadata","https://blackhat.com/html/bh-us-11/bh-us-11-archives.html","","","enumerated","pending_archive"
"31","BHPRO-2011-04","Black Hat USA","2011","Weapons of Targeted Attack: Modern Document Exploit Techniques","briefing","prospective_metadata","https://blackhat.com/html/bh-us-11/bh-us-11-archives.html","","","enumerated","pending_archive"
"32","BHKEY-2012-01","Black Hat USA","2012","An Interview with Neal Stephenson","keynote","keynote","https://blackhat.com/html/bh-us-12/bh-us-12-archives.html","","","zero","S3"
"33","BHPRO-2012-01","Black Hat USA","2012","Exploit Mitigation Improvements in Windows 8","briefing","prospective_metadata","https://blackhat.com/html/bh-us-12/bh-us-12-archives.html","","","enumerated","S3"
"34","BHPRO-2012-02","Black Hat USA","2012","Smashing the Future for Fun and Profit","prospective_panel","prospective_metadata","https://blackhat.com/html/bh-us-12/bh-us-12-archives.html","","","enumerated_unexpired_already_screened","S3"
"35","BHPRO-2012-03","Black Hat USA","2012","The Myth of Twelve More Bytes: Security on the Post-Scarcity Internet","briefing","prospective_metadata","https://blackhat.com/html/bh-us-12/bh-us-12-archives.html","","","enumerated","S3"
"36","BHKEY-2013-01","Black Hat USA","2013","Day One Keynote","keynote","keynote","https://blackhat.com/us-13/archives.html","","","zero","pending_archive"
"37","BHKEY-2013-02","Black Hat USA","2013","Take Risk, Don't Fail","keynote","keynote","https://blackhat.com/us-13/archives.html","","","zero","S3"
"38","BHPRO-2013-01","Black Hat USA","2013","Password Hashing: The Future is Now","briefing","prospective_metadata","https://blackhat.com/us-13/archives.html","","","enumerated","S3"
"39","BHKEY-2014-01","Black Hat USA","2014","Cybersecurity as Realpolitik","keynote","keynote","https://blackhat.com/us-14/archives.html","","","zero","S3"
"40","BHPRO-2014-01","Black Hat USA","2014","A Survey of Remote Automotive Attack Surfaces","briefing","prospective_metadata","https://blackhat.com/us-14/archives.html","","","enumerated","S3"
"41","BHPRO-2014-02","Black Hat USA","2014","Call to Arms: A Tale of the Weaknesses of Current Client-Side XSS Filtering","briefing","prospective_metadata","https://blackhat.com/us-14/archives.html","","","enumerated","S3"
"42","BHPRO-2014-03","Black Hat USA","2014","Capstone: Next Generation Disassembly Framework","briefing","prospective_metadata","https://blackhat.com/us-14/archives.html","","","enumerated","S3"
"43","BHPRO-2014-04","Black Hat USA","2014","GRR: Find All the Badness, Collect All the Things","briefing","prospective_metadata","https://blackhat.com/us-14/archives.html","","","enumerated","S3"
"44","BHPRO-2014-05","Black Hat USA","2014","Learn How to Control Every Room at a Luxury Hotel Remotely: The Dangers of Insecure Home Automation Deployment","briefing","prospective_metadata","https://blackhat.com/us-14/archives.html","","","enumerated","S3"
"45","BHPRO-2014-06","Black Hat USA","2014","Leviathan: Command and Control Communications on Planet Earth","briefing","prospective_metadata","https://blackhat.com/us-14/archives.html","","","enumerated","pending_manual"
"46","BHPRO-2014-07","Black Hat USA","2014","Poacher Turned Gamekeeper: Lessons Learned from Eight Years of Breaking Hypervisors","briefing","prospective_metadata","https://blackhat.com/us-14/archives.html","","","enumerated","S3"
"47","BHPRO-2014-08","Black Hat USA","2014","Saving Cyberspace","briefing","prospective_metadata","https://blackhat.com/us-14/archives.html","","","enumerated","S3"
"48","BHPRO-2014-09","Black Hat USA","2014","Why You Need to Detect More Than PtH","briefing","prospective_metadata","https://blackhat.com/us-14/archives.html","","","enumerated","S3"
"49","BHKEY-2015-01","Black Hat USA","2015","The Lifecycle of a Revolution","keynote","keynote","https://blackhat.com/us-15/briefings.html","","","excluded_horizon_not_expired","S3"
"50","BHPRO-2015-01","Black Hat USA","2015","Hidden Risks of Biometric Identifiers and How to Avoid Them","briefing","prospective_metadata","https://blackhat.com/us-15/briefings.html","","","enumerated","S3"
"51","BHPRO-2015-02","Black Hat USA","2015","Information Access and Information Sharing: Where We are and Where We are Going","briefing","prospective_metadata","https://blackhat.com/us-15/briefings.html","","","enumerated","S3"
"52","BHKEY-2016-01","Black Hat USA","2016","The Hidden Architecture of our Time: Why This Internet Worked, How We Could Lose It, and the Role Hackers Play","keynote","keynote","https://blackhat.com/us-16/briefings.html","","","excluded_no_expired_scorable_prediction","S3"
"53","BHPRO-2016-01","Black Hat USA","2016","Bad for Enterprise: Attacking BYOD Enterprise Mobile Security Solutions","briefing","prospective_metadata","https://blackhat.com/us-16/briefings.html","","","enumerated","S3"
"54","BHPRO-2016-02","Black Hat USA","2016","Hacking Next-Gen ATMs: From Capture to Cashout","briefing","prospective_metadata","https://blackhat.com/us-16/briefings.html","","","enumerated","S3"
"55","BHPRO-2016-03","Black Hat USA","2016","Keystone Engine: Next Generation Assembler Framework","briefing","prospective_metadata","https://blackhat.com/us-16/briefings.html","","","enumerated","S3"
"56","BHPRO-2016-04","Black Hat USA","2016","Next-Generation of Exploit Kit Detection by Building Simulated Obfuscators","briefing","prospective_metadata","https://blackhat.com/us-16/briefings.html","","","enumerated","S3"
"57","BHPRO-2016-05","Black Hat USA","2016","The Year in Flash","briefing","prospective_metadata","https://blackhat.com/us-16/briefings.html","","","enumerated","S3"
"58","BHKEY-2017-01","Black Hat USA","2017","Stepping Up Our Game: Re-focusing the Security Community on Defense and Making Security Work for Everyone","keynote","keynote","https://blackhat.com/us-17/briefings.html","","","zero","S3"
"59","BHPRO-2017-01","Black Hat USA","2017","Fad or Future? Getting Past the Bug Bounty Hype","panel","prospective_metadata","https://blackhat.com/us-17/briefings.html","","","enumerated","S3"
"60","BHPRO-2017-02","Black Hat USA","2017","Influencing the Market to Improve Security","fireside_chat","prospective_metadata","https://blackhat.com/us-17/briefings.html","","","enumerated","pending_manual"
"61","BHPRO-2017-03","Black Hat USA","2017","The Avalanche Takedown: Landslide for Law Enforcement","briefing","prospective_metadata","https://blackhat.com/us-17/briefings.html","","","enumerated","S3"
"62","BHPRO-2017-04","Black Hat USA","2017","The Epocholypse 2038: What's in Store for the Next 20 Years","briefing","prospective_metadata","https://blackhat.com/us-17/briefings.html","","","enumerated_unexpired","S3"
"63","BHPRO-2017-05","Black Hat USA","2017","The Future of ApplePwn - How to Save Your Money","briefing","prospective_metadata","https://blackhat.com/us-17/briefings.html","","","enumerated","S3"
"64","BHKEY-2018-01","Black Hat USA","2018","Optimistic Dissatisfaction with the Status Quo: Steps We Must Take to Improve Security in Complex Landscapes","keynote","keynote","https://blackhat.com/us-18/briefings.html","","","zero","S3"
"65","BHPRO-2018-01","Black Hat USA","2018","A Brief History of Mitigation: The Path to EL1 in iOS 11","briefing","prospective_metadata","https://blackhat.com/us-18/briefings.html","","","enumerated","S3"
"66","BHPRO-2018-02","Black Hat USA","2018","Applied Self-Driving Car Security","briefing","prospective_metadata","https://blackhat.com/us-18/briefings.html","","","enumerated","pending_manual"
"67","BHPRO-2018-03","Black Hat USA","2018","New Norms and Policies in Cyber-Diplomacy","panel","prospective_metadata","https://blackhat.com/us-18/briefings.html","","","enumerated","S3"
"68","BHPRO-2018-04","Black Hat USA","2018","New Trends in Browser Exploitation: Attacking Client-Side JIT Compilers","briefing","prospective_metadata","https://blackhat.com/us-18/briefings.html","","","enumerated","S3"
"69","BHPRO-2018-05","Black Hat USA","2018","Outsmarting the Smart City","briefing","prospective_metadata","https://blackhat.com/us-18/briefings.html","","","enumerated","S3"
"70","BHPRO-2018-06","Black Hat USA","2018","Protecting the Protector: Hardening Machine Learning Defenses Against Adversarial Attacks","briefing","prospective_metadata","https://blackhat.com/us-18/briefings.html","","","enumerated","S3"
"71","BHPRO-2018-07","Black Hat USA","2018","Re:ROSE - A New Tool for Creating Malicious and Phishing Emails","briefing","prospective_metadata","https://blackhat.com/us-18/briefings.html","","","enumerated","pending_manual"
"72","BHPRO-2018-08","Black Hat USA","2018","The Problems and Promise of WebAssembly","briefing","prospective_metadata","https://blackhat.com/us-18/briefings.html","","","enumerated","S3"
"73","BHPRO-2018-09","Black Hat USA","2018","There will be Glitches: Extracting and Analyzing Automotive Firmware Efficiently","briefing","prospective_metadata","https://blackhat.com/us-18/briefings.html","","","enumerated","S3"
"74","BHPRO-2018-10","Black Hat USA","2018","TLBleed: When Protecting Your CPU Caches is Not Enough","briefing","prospective_metadata","https://blackhat.com/us-18/briefings.html","","","enumerated","S3"
"75","CCC-2005-001","CCC","2005","Hacking health","prospective_session","prospective_metadata","https://media.ccc.de/v/22C3-489-en-hacking_health","https://media.ccc.de/v/22C3-489-en-hacking_health","explicit_future_year_in_metadata","enumerated","S3"
"76","CCC-2005-002","CCC","2005","We lost the war","prospective_session","prospective_metadata","https://media.ccc.de/v/22C3-920-en-we_lost_the_war","https://media.ccc.de/v/22C3-920-en-we_lost_the_war","unbounded_in_metadata","enumerated","S3"
"77","CCC-2005-003","CCC","2005","Corp vs. Corp","prospective_session","prospective_metadata","https://media.ccc.de/v/22C3-423-en-corp_vs_corp","https://media.ccc.de/v/22C3-423-en-corp_vs_corp","unbounded_in_metadata","enumerated","S3"
"78","CCC-2005-004","CCC","2005","Learning cryptography through handcyphers","prospective_session","prospective_metadata","https://media.ccc.de/v/22C3-469-en-learning_cryptography","https://media.ccc.de/v/22C3-469-en-learning_cryptography","unbounded_in_metadata","enumerated","S3"
"79","CCC-2005-005","CCC","2005","The Future Challenges for a Hacker","prospective_session","prospective_metadata","https://media.ccc.de/v/22C3-1295-en-future_challenges","https://media.ccc.de/v/22C3-1295-en-future_challenges","unbounded_in_metadata","enumerated","S3"
"80","CCC-2005-006","CCC","2005","Security Nightmares 2006","prospective_session","prospective_metadata","https://media.ccc.de/v/22C3-600-de-security_nightmares","https://media.ccc.de/v/22C3-600-de-security_nightmares","explicit_future_year_in_metadata","enumerated","S3"
"81","CCC-2006-007","CCC","2006","A Hacker's Toolkit for RFID Emulation and Jamming","prospective_session","prospective_metadata","https://media.ccc.de/v/23C3-1597-en-hackers_toolkit_for_rfid_emulation_and_jamming","https://media.ccc.de/v/23C3-1597-en-hackers_toolkit_for_rfid_emulation_and_jamming","unbounded_in_metadata","enumerated","S3"
"82","CCC-2006-008","CCC","2006","Vehicular Communication and VANETs","prospective_session","prospective_metadata","https://media.ccc.de/v/23C3-1608-en-vehicular_communication_and_vanets","https://media.ccc.de/v/23C3-1608-en-vehicular_communication_and_vanets","unbounded_in_metadata","enumerated","S3"
"83","CCC-2006-009","CCC","2006","SIP Security","prospective_session","prospective_metadata","https://media.ccc.de/v/23C3-1459-en-sip_security","https://media.ccc.de/v/23C3-1459-en-sip_security","unbounded_in_metadata","enumerated","S3"
"84","CCC-2006-010","CCC","2006","Automated Botnet Detection and Mitigation","prospective_session","prospective_metadata","https://media.ccc.de/v/23C3-1342-en-botnet_detection","https://media.ccc.de/v/23C3-1342-en-botnet_detection","explicit_future_year_in_metadata","enumerated","S3"
"85","CCC-2006-011","CCC","2006","Security Nightmares 2007","prospective_session","prospective_metadata","https://media.ccc.de/v/23C3-1682-de-security_nightmares","https://media.ccc.de/v/23C3-1682-de-security_nightmares","explicit_future_year_in_metadata","enumerated","S3"
"86","CCC-2007-012","CCC","2007","VX","prospective_session","prospective_metadata","https://media.ccc.de/v/24c3-2233-en-vx","https://media.ccc.de/v/24c3-2233-en-vx","unbounded_in_metadata","enumerated","S3"
"87","CCC-2007-013","CCC","2007","EU Policy on RFID & Privacy","prospective_session","prospective_metadata","https://media.ccc.de/v/24c3-2396-en-eu_rfid_policy","https://media.ccc.de/v/24c3-2396-en-eu_rfid_policy","explicit_future_year_in_metadata","enumerated","S3"
"88","CCC-2007-014","CCC","2007","Security Nightmares 2008","prospective_session","prospective_metadata","https://media.ccc.de/v/24c3-2336-de-security_nightmares","https://media.ccc.de/v/24c3-2336-de-security_nightmares","explicit_future_year_in_metadata","enumerated","S3"
"89","CCC-2008-015","CCC","2008","25C3 Opening and Keynote ""Nothing to hide""","keynote","keynote","https://media.ccc.de/v/25c3-3025-en-opening_and_keynote_nothing_to_hide","https://media.ccc.de/v/25c3-3025-en-opening_and_keynote_nothing_to_hide","unknown_until_source_screening","enumerated","S3"
"90","CCC-2008-016","CCC","2008","Embracing Post-Privacy","prospective_session","prospective_metadata","https://media.ccc.de/v/25c3-2979-en-embracing_post-privacy","https://media.ccc.de/v/25c3-2979-en-embracing_post-privacy","unbounded_in_metadata","enumerated","S3"
"91","CCC-2008-017","CCC","2008","Cisco IOS attack and defense","prospective_session","prospective_metadata","https://media.ccc.de/v/25c3-2816-en-cisco_ios_attack_and_defense","https://media.ccc.de/v/25c3-2816-en-cisco_ios_attack_and_defense","unbounded_in_metadata","enumerated","S3"
"92","CCC-2008-018","CCC","2008","Security and anonymity vulnerabilities in Tor","prospective_session","prospective_metadata","https://media.ccc.de/v/25c3-2977-en-security_and_anonymity_vulnerabilities_in_tor","https://media.ccc.de/v/25c3-2977-en-security_and_anonymity_vulnerabilities_in_tor","unbounded_in_metadata","enumerated","S3"
"93","CCC-2008-019","CCC","2008","Security Nightmares 2009","prospective_session","prospective_metadata","https://media.ccc.de/v/25c3-3021-de-security_nightmares_2009","https://media.ccc.de/v/25c3-3021-de-security_nightmares_2009","explicit_future_year_in_metadata","enumerated","S3"
"94","CCC-2009-020","CCC","2009","Building a Debugger","prospective_session","prospective_metadata","https://media.ccc.de/v/26c3-3490-en-building_a_debugger","https://media.ccc.de/v/26c3-3490-en-building_a_debugger","unbounded_in_metadata","enumerated","S3"
"95","CCC-2009-021","CCC","2009","Security Nightmares","prospective_session","prospective_metadata","https://media.ccc.de/v/26c3-3687-de-security_nightmares","https://media.ccc.de/v/26c3-3687-de-security_nightmares","annual_series_horizon_requires_source_confirmation","enumerated","S3"
"96","CCC-2010-022","CCC","2010","27C3 Keynote","keynote","keynote","https://media.ccc.de/v/27c3-4302-en-27c3_keynote_we_come_in_peace","https://media.ccc.de/v/27c3-4302-en-27c3_keynote_we_come_in_peace","unknown_until_source_screening","enumerated","S3"
"97","CCC-2010-023","CCC","2010","Data Retention in the EU five years after the Directive","prospective_session","prospective_metadata","https://media.ccc.de/v/27c3-4190-en-data_retention_in_the_eu","https://media.ccc.de/v/27c3-4190-en-data_retention_in_the_eu","explicit_future_year_in_metadata","enumerated","S3"
"98","CCC-2010-024","CCC","2010","Eins, zwei, drei - alle sind dabei","prospective_session","prospective_metadata","https://media.ccc.de/v/27c3-4111-de-eins_zwei_drei_alle_sind_dabei","https://media.ccc.de/v/27c3-4111-de-eins_zwei_drei_alle_sind_dabei","explicit_future_year_in_metadata","enumerated","S3"
"99","CCC-2010-025","CCC","2010","Hacking iButtons","prospective_session","prospective_metadata","https://media.ccc.de/v/27c3-4176-de-hacking_ibuttons","https://media.ccc.de/v/27c3-4176-de-hacking_ibuttons","unbounded_in_metadata","enumerated","S3"
"100","CCC-2010-026","CCC","2010","Defense is not dead","prospective_session","prospective_metadata","https://media.ccc.de/v/27c3-4123-en-defense_is_not_dead","https://media.ccc.de/v/27c3-4123-en-defense_is_not_dead","unbounded_in_metadata","enumerated","S3"
"101","CCC-2010-027","CCC","2010","Ignorance and Peace Narratives in Cyberspace","prospective_session","prospective_metadata","https://media.ccc.de/v/27c3-4084-en-ignorance_and_peace_narratives_in_cyberspace","https://media.ccc.de/v/27c3-4084-en-ignorance_and_peace_narratives_in_cyberspace","unbounded_in_metadata","enumerated","S3"
"102","CCC-2010-028","CCC","2010","Security Nightmares","prospective_session","prospective_metadata","https://media.ccc.de/v/27c3-4230-de-security_nightmares","https://media.ccc.de/v/27c3-4230-de-security_nightmares","annual_series_horizon_requires_source_confirmation","enumerated","S3"
"103","CCC-2011-029","CCC","2011","The movements against state-controlled Internet in Turkey","prospective_session","prospective_metadata","https://media.ccc.de/v/28c3-4753-en-the_movement_against_state_controlled_internet_in_turkey","https://media.ccc.de/v/28c3-4753-en-the_movement_against_state_controlled_internet_in_turkey","unbounded_in_metadata","enumerated","S3"
"104","CCC-2011-030","CCC","2011","The future of cryptology: which 3 letters algorithm(s) could be our Titanic?","prospective_session","prospective_metadata","https://media.ccc.de/v/28c3-4710-en-the_future_of_cryptology","https://media.ccc.de/v/28c3-4710-en-the_future_of_cryptology","unbounded_in_metadata","enumerated","S3"
"105","CCC-2011-031","CCC","2011","Security Nightmares","prospective_session","prospective_metadata","https://media.ccc.de/v/28c3-4898-de-security_nightmares","https://media.ccc.de/v/28c3-4898-de-security_nightmares","annual_series_horizon_requires_source_confirmation","enumerated","S3"
"106","CCC-2012-032","CCC","2012","Defend your Freedoms Online: It's Political, Stupid!","prospective_session","prospective_metadata","https://media.ccc.de/v/29c3-5159-en-defend_freedoms_online_h264","https://media.ccc.de/v/29c3-5159-en-defend_freedoms_online_h264","unbounded_in_metadata","enumerated","S3"
"107","CCC-2012-033","CCC","2012","Privacy and the Car of the Future","prospective_session","prospective_metadata","https://media.ccc.de/v/29c3-5095-en-privacy_and_the_car_of_the_future_h264","https://media.ccc.de/v/29c3-5095-en-privacy_and_the_car_of_the_future_h264","unbounded_in_metadata","enumerated","S3"
"108","CCC-2012-034","CCC","2012","Re-igniting the Crypto Wars on the Web","prospective_session","prospective_metadata","https://media.ccc.de/v/29c3-5374-en-re_igniting_the_crypto_wars_on_the_web_h264","https://media.ccc.de/v/29c3-5374-en-re_igniting_the_crypto_wars_on_the_web_h264","explicit_future_year_in_metadata","enumerated","S3"
"109","CCC-2012-035","CCC","2012","Security Evaluation of Russian GOST Cipher","prospective_session","prospective_metadata","https://media.ccc.de/v/29c3-5225-en-security_evaluation_of_russian_gost_cipher_h264","https://media.ccc.de/v/29c3-5225-en-security_evaluation_of_russian_gost_cipher_h264","unbounded_in_metadata","enumerated","S3"
"110","CCC-2012-036","CCC","2012","The future of protocol reversing and simulation applied on ZeroAccess botnet","prospective_session","prospective_metadata","https://media.ccc.de/v/29c3-5256-en-the_future_of_protocol_reversing_and_simulation_h264","https://media.ccc.de/v/29c3-5256-en-the_future_of_protocol_reversing_and_simulation_h264","unbounded_in_metadata","enumerated","S3"
"111","CCC-2012-037","CCC","2012","Security Nightmares","prospective_session","prospective_metadata","https://media.ccc.de/v/29c3-5244-de-en-security_nightmares2012_h264","https://media.ccc.de/v/29c3-5244-de-en-security_nightmares2012_h264","annual_series_horizon_requires_source_confirmation","enumerated","S3"
"112","CCC-2013-038","CCC","2013","30C3 Keynote","keynote","keynote","https://media.ccc.de/v/30C3_-_5622_-_en_-_saal_1_-_201312271930_-_30c3_keynote_-_glenn_greenwald_-_frank","https://media.ccc.de/v/30C3_-_5622_-_en_-_saal_1_-_201312271930_-_30c3_keynote_-_glenn_greenwald_-_frank","unknown_until_source_screening","enumerated","S3"
"113","CCC-2013-039","CCC","2013","IFGINT","prospective_session","prospective_metadata","https://media.ccc.de/v/30C3_-_5509_-_de_-_saal_6_-_201312271600_-_ifgint_-_stefan_wehrmeyer","https://media.ccc.de/v/30C3_-_5509_-_de_-_saal_6_-_201312271600_-_ifgint_-_stefan_wehrmeyer","explicit_future_year_in_metadata","enumerated","S3"
"114","CCC-2013-040","CCC","2013","Security of the IC Backside","prospective_session","prospective_metadata","https://media.ccc.de/v/30C3_-_5459_-__-_saal_1_-_201312282145_-_security_of_the_ic_backside_-_nedos","https://media.ccc.de/v/30C3_-_5459_-__-_saal_1_-_201312282145_-_security_of_the_ic_backside_-_nedos","unbounded_in_metadata","enumerated","S3"
"115","CCC-2013-041","CCC","2013","The Gospel of IRMA","prospective_session","prospective_metadata","https://media.ccc.de/v/30C3_-_5214_-_en_-_saal_1_-_201312281130_-_the_gospel_of_irma_-_jaap-henk_hoepman","https://media.ccc.de/v/30C3_-_5214_-_en_-_saal_1_-_201312281130_-_the_gospel_of_irma_-_jaap-henk_hoepman","unbounded_in_metadata","enumerated","S3"
"116","CCC-2013-042","CCC","2013","WarGames in memory","prospective_session","prospective_metadata","https://media.ccc.de/v/30C3_-_5223_-_en_-_saal_6_-_201312292030_-_wargames_in_memory_-_gannimo","https://media.ccc.de/v/30C3_-_5223_-_en_-_saal_6_-_201312292030_-_wargames_in_memory_-_gannimo","unbounded_in_metadata","enumerated","S3"
"117","CCC-2013-043","CCC","2013","Security Nightmares","prospective_session","prospective_metadata","https://media.ccc.de/v/30C3_-_5413_-_de_-_saal_1_-_201312301715_-_security_nightmares_-_frank_-_ron","https://media.ccc.de/v/30C3_-_5413_-_de_-_saal_1_-_201312301715_-_security_nightmares_-_frank_-_ron","annual_series_horizon_requires_source_confirmation","enumerated","S3"
"118","CCC-2014-044","CCC","2014","31C3 Keynote","keynote","keynote","https://media.ccc.de/v/31c3_-_6571_-_en_-_saal_1_-_201412271130_-_31c3_keynote_-_alecempire","https://media.ccc.de/v/31c3_-_6571_-_en_-_saal_1_-_201412271130_-_31c3_keynote_-_alecempire","unknown_until_source_screening","enumerated","S3"
"119","CCC-2014-045","CCC","2014","The automobile as massive data gathering source and the consequences for individual privacy","prospective_session","prospective_metadata","https://media.ccc.de/v/31c3_-_6265_-_en_-_saal_6_-_201412281600_-_the_automobile_as_massive_data_gathering_source_and_the_consequences_for_individual_privacy_-_jimmy_schulz_-_dr_rudiger_hanig","https://media.ccc.de/v/31c3_-_6265_-_en_-_saal_6_-_201412281600_-_the_automobile_as_massive_data_gathering_source_and_the_consequences_for_individual_privacy_-_jimmy_schulz_-_dr_rudiger_hanig","unbounded_in_metadata","enumerated","S3"
"120","CCC-2014-046","CCC","2014","The Matter of Heartbleed","prospective_session","prospective_metadata","https://media.ccc.de/v/31c3_-_6321_-_en_-_saal_1_-_201412282300_-_the_matter_of_heartbleed_-_zakir_durumeric","https://media.ccc.de/v/31c3_-_6321_-_en_-_saal_1_-_201412282300_-_the_matter_of_heartbleed_-_zakir_durumeric","unbounded_in_metadata","enumerated","S3"
"121","CCC-2014-047","CCC","2014","CAESAR and NORX","prospective_session","prospective_metadata","https://media.ccc.de/v/31c3_-_6137_-_en_-_saal_g_-_201412291600_-_caesar_and_norx_-_philipp_jovanovic_-_aumasson","https://media.ccc.de/v/31c3_-_6137_-_en_-_saal_g_-_201412291600_-_caesar_and_norx_-_philipp_jovanovic_-_aumasson","unbounded_in_metadata","enumerated","S3"
"122","CCC-2014-048","CCC","2014","Security Nightmares","prospective_session","prospective_metadata","https://media.ccc.de/v/31c3_-_6572_-_de_-_saal_1_-_201412301715_-_security_nightmares_-_frank_-_ron","https://media.ccc.de/v/31c3_-_6572_-_de_-_saal_1_-_201412301715_-_security_nightmares_-_frank_-_ron","annual_series_horizon_requires_source_confirmation","enumerated","S3"
"123","CCC-2015-049","CCC","2015","32C3 Keynote","keynote","keynote","https://media.ccc.de/v/32c3-7565-keynote","https://media.ccc.de/v/32c3-7565-keynote","unknown_until_source_screening","enumerated","S3"
"124","CCC-2015-050","CCC","2015","(In)Security of Embedded Devices' Firmware - Fast and Furious at Large Scale","prospective_session","prospective_metadata","https://media.ccc.de/v/32c3-7252-in_security_of_embedded_devices_firmware_-_fast_and_furious_at_large_scale","https://media.ccc.de/v/32c3-7252-in_security_of_embedded_devices_firmware_-_fast_and_furious_at_large_scale","explicit_future_year_in_metadata","enumerated","S3"
"125","CCC-2015-051","CCC","2015","Say hi to your new boss: How algorithms might soon control our lives.","prospective_session","prospective_metadata","https://media.ccc.de/v/32c3-7482-say_hi_to_your_new_boss_how_algorithms_might_soon_control_our_lives","https://media.ccc.de/v/32c3-7482-say_hi_to_your_new_boss_how_algorithms_might_soon_control_our_lives","unbounded_in_metadata","enumerated","S3"
"126","CCC-2015-052","CCC","2015","Prediction and Control","prospective_session","prospective_metadata","https://media.ccc.de/v/32c3-7449-prediction_and_control","https://media.ccc.de/v/32c3-7449-prediction_and_control","unbounded_in_metadata","enumerated","S3"
"127","CCC-2015-053","CCC","2015","Ten years after âWe Lost The Warâ","prospective_session","prospective_metadata","https://media.ccc.de/v/32c3-7501-ten_years_after_we_lost_the_war","https://media.ccc.de/v/32c3-7501-ten_years_after_we_lost_the_war","unbounded_in_metadata","enumerated","S3"
"128","CCC-2015-054","CCC","2015","Intelexit","prospective_session","prospective_metadata","https://media.ccc.de/v/32c3-7426-intelexit","https://media.ccc.de/v/32c3-7426-intelexit","explicit_future_year_in_metadata","enumerated","S3"
"129","CCC-2015-055","CCC","2015","Predicting Crime in a Big Data World","prospective_session","prospective_metadata","https://media.ccc.de/v/32c3-7457-predicting_crime_in_a_big_data_world","https://media.ccc.de/v/32c3-7457-predicting_crime_in_a_big_data_world","unbounded_in_metadata","enumerated","S3"
"130","CCC-2015-056","CCC","2015","Security Nightmares 0x10","prospective_session","prospective_metadata","https://media.ccc.de/v/32c3-7546-security_nightmares_0x10","https://media.ccc.de/v/32c3-7546-security_nightmares_0x10","annual_series_horizon_requires_source_confirmation","enumerated","S3"
"131","CCC-2016-057","CCC","2016","Hacking the World","prospective_session","prospective_metadata","https://media.ccc.de/v/33c3-8349-hacking_the_world","https://media.ccc.de/v/33c3-8349-hacking_the_world","unbounded_in_metadata","enumerated","S3"
"132","CCC-2016-058","CCC","2016","Recount 2016: An Uninvited Security Audit of the U.S. Presidential Election","prospective_session","prospective_metadata","https://media.ccc.de/v/33c3-8074-recount_2016_an_uninvited_security_audit_of_the_u_s_presidential_election","https://media.ccc.de/v/33c3-8074-recount_2016_an_uninvited_security_audit_of_the_u_s_presidential_election","unbounded_in_metadata","enumerated","S3"
"133","CCC-2016-059","CCC","2016","radare demystified","prospective_session","prospective_metadata","https://media.ccc.de/v/33c3-8095-radare_demystified","https://media.ccc.de/v/33c3-8095-radare_demystified","unbounded_in_metadata","enumerated","S3"
"134","CCC-2016-060","CCC","2016","Security Nightmares 0x11","prospective_session","prospective_metadata","https://media.ccc.de/v/33c3-8413-security_nightmares_0x11","https://media.ccc.de/v/33c3-8413-security_nightmares_0x11","annual_series_horizon_requires_source_confirmation","enumerated","S3"
"135","CCC-2017-061","CCC","2017","Dude, you broke the Future!","prospective_session","prospective_metadata","https://media.ccc.de/v/34c3-9270-dude_you_broke_the_future","https://media.ccc.de/v/34c3-9270-dude_you_broke_the_future","unbounded_in_metadata","enumerated","S3"
"136","CCC-2017-062","CCC","2017","Gamified Control?","prospective_session","prospective_metadata","https://media.ccc.de/v/34c3-8874-gamified_control","https://media.ccc.de/v/34c3-8874-gamified_control","explicit_future_year_in_metadata","enumerated","S3"
"137","CCC-2017-063","CCC","2017","How can you trust formally verified software?","prospective_session","prospective_metadata","https://media.ccc.de/v/34c3-8915-how_can_you_trust_formally_verified_software","https://media.ccc.de/v/34c3-8915-how_can_you_trust_formally_verified_software","unbounded_in_metadata","enumerated","S3"
"138","CCC-2017-064","CCC","2017","ASLR on the line","prospective_session","prospective_metadata","https://media.ccc.de/v/34c3-9135-aslr_on_the_line","https://media.ccc.de/v/34c3-9135-aslr_on_the_line","unbounded_in_metadata","enumerated","S3"
"139","CCC-2017-065","CCC","2017","Growing Up Software Development","prospective_session","prospective_metadata","https://media.ccc.de/v/34c3-9044-growing_up_software_development","https://media.ccc.de/v/34c3-9044-growing_up_software_development","unbounded_in_metadata","enumerated","S3"
"140","CCC-2017-066","CCC","2017","Uncovering vulnerabilities in Hoermann BiSecur","prospective_session","prospective_metadata","https://media.ccc.de/v/34c3-9029-uncovering_vulnerabilities_in_hoermann_bisecur","https://media.ccc.de/v/34c3-9029-uncovering_vulnerabilities_in_hoermann_bisecur","unbounded_in_metadata","enumerated","S3"
"141","CCC-2017-067","CCC","2017","Coming Soon: Machine-Checked Mathematical Proofs in Everyday Software and Hardware Development","prospective_session","prospective_metadata","https://media.ccc.de/v/34c3-9105-coming_soon_machine-checked_mathematical_proofs_in_everyday_software_and_hardware_development","https://media.ccc.de/v/34c3-9105-coming_soon_machine-checked_mathematical_proofs_in_everyday_software_and_hardware_development","unbounded_in_metadata","enumerated","S3"
"142","CCC-2017-068","CCC","2017","Decoding Contactless (Card) Payments","prospective_session","prospective_metadata","https://media.ccc.de/v/34c3-8965-decoding_contactless_card_payments","https://media.ccc.de/v/34c3-8965-decoding_contactless_card_payments","unbounded_in_metadata","enumerated","S3"
"143","CCC-2017-069","CCC","2017","History and implications of DRM","prospective_session","prospective_metadata","https://media.ccc.de/v/34c3-9110-history_and_implications_of_drm","https://media.ccc.de/v/34c3-9110-history_and_implications_of_drm","unbounded_in_metadata","enumerated","S3"
"144","CCC-2017-070","CCC","2017","Policing in the age of data exploitation","prospective_session","prospective_metadata","https://media.ccc.de/v/34c3-8940-policing_in_the_age_of_data_exploitation","https://media.ccc.de/v/34c3-8940-policing_in_the_age_of_data_exploitation","unbounded_in_metadata","enumerated","S3"
"145","CCC-2017-071","CCC","2017","Protecting Your Privacy at the Border","prospective_session","prospective_metadata","https://media.ccc.de/v/34c3-9086-protecting_your_privacy_at_the_border","https://media.ccc.de/v/34c3-9086-protecting_your_privacy_at_the_border","unbounded_in_metadata","enumerated","S3"
"146","CCC-2017-072","CCC","2017","Fuck Dutch mass-surveillance: let's have a referendum!","prospective_session","prospective_metadata","https://media.ccc.de/v/34c3-9172-fuck_dutch_mass-surveillance_let_s_have_a_referendum","https://media.ccc.de/v/34c3-9172-fuck_dutch_mass-surveillance_let_s_have_a_referendum","unbounded_in_metadata","enumerated","S3"
"147","CCC-2017-073","CCC","2017","Security Nightmares 0x12","prospective_session","prospective_metadata","https://media.ccc.de/v/34c3-8888-security_nightmares_0x12","https://media.ccc.de/v/34c3-8888-security_nightmares_0x12","explicit_future_year_in_metadata","enumerated","S3"
"148","CCC-2018-074","CCC","2018","""The"" Social Credit System","prospective_session","prospective_metadata","https://media.ccc.de/v/35c3-9904-the_social_credit_system","https://media.ccc.de/v/35c3-9904-the_social_credit_system","explicit_future_year_in_metadata","enumerated","S3"
"149","CCC-2018-075","CCC","2018","Censored Planet: a Global Censorship Observatory","prospective_session","prospective_metadata","https://media.ccc.de/v/35c3-9877-censored_planet_a_global_censorship_observatory","https://media.ccc.de/v/35c3-9877-censored_planet_a_global_censorship_observatory","unbounded_in_metadata","enumerated","S3"
"150","CCC-2018-076","CCC","2018","Election Cybersecurity Progress Report","prospective_session","prospective_metadata","https://media.ccc.de/v/35c3-9917-election_cybersecurity_progress_report","https://media.ccc.de/v/35c3-9917-election_cybersecurity_progress_report","explicit_future_year_in_metadata","enumerated","S3"
"151","CCC-2018-077","CCC","2018","SD-WAN a New Hop","prospective_session","prospective_metadata","https://media.ccc.de/v/35c3-9446-sd-wan_a_new_hop","https://media.ccc.de/v/35c3-9446-sd-wan_a_new_hop","explicit_future_year_in_metadata","enumerated","S3"
"152","CCC-2018-078","CCC","2018","Taming the Chaos: Can we build systems that actually work?","prospective_session","prospective_metadata","https://media.ccc.de/v/35c3-9647-taming_the_chaos_can_we_build_systems_that_actually_work","https://media.ccc.de/v/35c3-9647-taming_the_chaos_can_we_build_systems_that_actually_work","unbounded_in_metadata","enumerated","S3"
"153","CCC-2018-079","CCC","2018","wallet.fail","prospective_session","prospective_metadata","https://media.ccc.de/v/35c3-9563-wallet_fail","https://media.ccc.de/v/35c3-9563-wallet_fail","unbounded_in_metadata","enumerated","S3"
"154","CCC-2018-080","CCC","2018","A Christmas Carol - The Spectres of the Past, Present, and Future","prospective_session","prospective_metadata","https://media.ccc.de/v/35c3-9893-a_christmas_carol_-_the_spectres_of_the_past_present_and_future","https://media.ccc.de/v/35c3-9893-a_christmas_carol_-_the_spectres_of_the_past_present_and_future","unbounded_in_metadata","enumerated","S3"
"155","CCC-2018-081","CCC","2018","A farewell to soul-crushing code","prospective_session","prospective_metadata","https://media.ccc.de/v/35c3-9812-a_farewell_to_soul-crushing_code","https://media.ccc.de/v/35c3-9812-a_farewell_to_soul-crushing_code","unbounded_in_metadata","enumerated","S3"
"156","CCC-2018-082","CCC","2018","Jailbreaking iOS","prospective_session","prospective_metadata","https://media.ccc.de/v/35c3-9618-jailbreaking_ios","https://media.ccc.de/v/35c3-9618-jailbreaking_ios","unbounded_in_metadata","enumerated","S3"
"157","CCC-2018-083","CCC","2018","Freedom needs fighters!","prospective_session","prospective_metadata","https://media.ccc.de/v/35c3-9973-freedom_needs_fighters","https://media.ccc.de/v/35c3-9973-freedom_needs_fighters","explicit_future_year_in_metadata","enumerated","S3"
"158","CCC-2018-084","CCC","2018","Internet of Dongs","prospective_session","prospective_metadata","https://media.ccc.de/v/35c3-9523-internet_of_dongs","https://media.ccc.de/v/35c3-9523-internet_of_dongs","unbounded_in_metadata","enumerated","S3"
"159","CCC-2018-085","CCC","2018","Security Nightmares 0x13","prospective_session","prospective_metadata","https://media.ccc.de/v/35c3-9685-security_nightmares_0x13","https://media.ccc.de/v/35c3-9685-security_nightmares_0x13","explicit_future_year_in_metadata","enumerated","S3"
"160","VB-2006-K01","Virus Bulletin","2006","Case: Virus X","keynote","keynote","https://www.virusbulletin.com/conference/vb2006/programme/","","unknown_until_source_screening","enumerated","pending_paper"
"161","VB-2006-K02","Virus Bulletin","2006","Data exfiltration techniques: how attackers steal your sensitive data","keynote","keynote","https://www.virusbulletin.com/conference/vb2006/programme/","","unknown_until_source_screening","enumerated","pending_paper"
"162","VB-2007-P01","Virus Bulletin","2007","Future threats","prospective_session","prospective_metadata","https://www.virusbulletin.com/conference/vb2007/programme/","https://www.virusbulletin.com/conference/vb2007/abstracts/future-threats/","unbounded_in_metadata","enumerated","pending_paper"
"163","VB-2008-K01","Virus Bulletin","2008","The AV industry: Quo Vadis?","keynote","keynote","https://www.virusbulletin.com/conference/vb2008/programme/","https://www.virusbulletin.com/uploads/pdf/conference_slides/2008/AlexEckelberry-VB2008.pdf","unknown_until_source_screening","enumerated","S3"
"164","VB-2008-P01","Virus Bulletin","2008","VB testing - present status, future plans","prospective_session","prospective_metadata","https://www.virusbulletin.com/conference/vb2008/programme/","https://www.virusbulletin.com/conference/vb2008/abstracts/last-minute-presentation-vb-testing-present-status-future-plans/","unbounded_controlled_plan","enumerated","pending_paper"
"165","VB-2009-K01","Virus Bulletin","2009","Reforming the landscape","keynote","keynote","https://www.virusbulletin.com/conference/vb2009/programme/","","unknown_until_source_screening","enumerated","pending_paper"
"166","VB-2009-P01","Virus Bulletin","2009","Malice through the looking glass: behaviour analysis for the next decade","prospective_session","prospective_metadata","https://www.virusbulletin.com/conference/vb2009/programme/","https://www.virusbulletin.com/conference/vb2009/abstracts/malice-through-looking-glass-behaviour-analysis-next-decade/","bounded_approximately_2019","enumerated","pending_paper"
"167","VB-2010-K01","Virus Bulletin","2010","Threats to the Social Web","keynote","keynote","https://www.virusbulletin.com/conference/vb2010/programme/","","unknown_until_source_screening","enumerated","pending_paper"
"168","VB-2011-K01","Virus Bulletin","2011","The m00p investigation: law enforcement and the anti-virus industry working in partnership","keynote","keynote","https://www.virusbulletin.com/conference/vb2011/programme/","","unknown_until_source_screening","enumerated","pending_paper"
"169","VB-2011-P01","Virus Bulletin","2011","Predicting the future of stealth attacks","prospective_session","prospective_metadata","https://www.virusbulletin.com/conference/vb2011/programme/","https://www.virusbulletin.com/uploads/pdf/conference_slides/2011/Kapoor-Mathur-VB2011.pdf","unbounded_near_future","enumerated","S3"
"170","VB-2011-P02","Virus Bulletin","2011","Security 2012: staying ahead of the game","prospective_session","prospective_metadata","https://www.virusbulletin.com/conference/vb2011/programme/","https://www.virusbulletin.com/conference/vb2011/abstracts/security-2012-staying-ahead-game/","bounded_2012","enumerated","pending_paper"
"171","VB-2011-P03","Virus Bulletin","2011","2020 threats: too far away to discuss or too close to ignore?","prospective_session","prospective_metadata","https://www.virusbulletin.com/conference/vb2011/programme/","https://www.virusbulletin.com/conference/vb2011/abstracts/2020-threats-too-far-away-discuss-or-too-close-ignore/","bounded_2020","enumerated_already_screened_insufficient_primary_source","S1"
"172","VB-2012-K01","Virus Bulletin","2012","The trade in security exploits: free speech or weapons in need of regulation","keynote","keynote","https://www.virusbulletin.com/conference/vb2012/programme/","https://www.virusbulletin.com/uploads/pdf/conference_slides/2012/Soghoian-VB2012.pdf","unknown_until_source_screening","enumerated","S3"
"173","VB-2013-K01","Virus Bulletin","2013","Ethics and the AV industry in the age of WikiLeaks","keynote","keynote","https://www.virusbulletin.com/conference/vb2013/programme/","","unknown_until_source_screening","enumerated","S3"
"174","VB-2014-K01","Virus Bulletin","2014","Choose your own keynote adventure - bounties and standards and vuln disclosure, oh my!","keynote","keynote","https://www.virusbulletin.com/conference/vb2014/programme/","","unknown_until_source_screening","enumerated","pending_paper"
"175","VB-2014-P01","Virus Bulletin","2014","We know it before you do: predicting malicious domains","prospective_session","prospective_metadata","https://www.virusbulletin.com/conference/vb2014/programme/","","unbounded_in_metadata","enumerated","S3"
"176","VB-2014-P02","Virus Bulletin","2014","Bootkits: past, present & future","prospective_session","prospective_metadata","https://www.virusbulletin.com/conference/vb2014/programme/","https://www.virusbulletin.com/virusbulletin/2014/11/vb2014-paper-bootkits-past-present-future/","unbounded_in_metadata","enumerated","S3"
"177","VB-2015-K01","Virus Bulletin","2015","The Internet of Bad Things, Observed","keynote","keynote","https://www.virusbulletin.com/conference/vb2015/programme/","","unknown_until_source_screening","enumerated","S3"
"178","VB-2015-K02","Virus Bulletin","2015","One man's anti-malware researcher is...","keynote","keynote","https://www.virusbulletin.com/conference/vb2015/programme/","https://www.virusbulletin.com/conference/vb2015/abstracts/keynote-address-one-man-s-anti-malware-researcher","unknown_until_source_screening","enumerated","S3"
"179","VB-2015-P01","Virus Bulletin","2015","The Clean Software Alliance, security, and the future of unwanted behaviours","prospective_session","prospective_metadata","https://www.virusbulletin.com/conference/vb2015/programme-old/","","unbounded_in_metadata","enumerated","pending_paper"
"180","VB-2015-P02","Virus Bulletin","2015","POS fraud - trends and counter-actions to mass fraud","prospective_session","prospective_metadata","https://www.virusbulletin.com/conference/vb2015/programme/","https://www.virusbulletin.com/virusbulletin/2016/12/vb2015-paper-pos-fraud-trends-and-counter-actions-mass-fraud/","bounded_approximately_2020","enumerated_already_screened","S3"
"181","VB-2015-P03","Virus Bulletin","2015","Will Android Trojans, Worms or Rootkits Survive in SEAndroid and Containerization?","prospective_session","prospective_metadata","https://www.virusbulletin.com/conference/vb2015/programme/","https://www.virusbulletin.com/virusbulletin/2016/02/vb2015-paper-will-android-trojans-worms-or-rootkits-survive-seandroid-and-containerization/","unbounded_near_future","enumerated","S3"
"182","VB-2016-K01","Virus Bulletin","2016","Opening keynote address","keynote","keynote","https://www.virusbulletin.com/conference/vb2016/programme/","https://www.virusbulletin.com/conference/vb2016/abstracts/keynote-1/","unknown_until_source_screening","enumerated","pending_paper"
"183","VB-2016-K02","Virus Bulletin","2016","Closing keynote address","keynote","keynote","https://www.virusbulletin.com/conference/vb2016/programme/","https://www.virusbulletin.com/conference/vb2016/abstracts/keynote-2","unknown_until_source_screening","enumerated","pending_paper"
"184","VB-2016-P01","Virus Bulletin","2016","The Beginning of the End(point): Where we are now and where we'll be in five years","prospective_session","prospective_metadata","https://www.virusbulletin.com/conference/vb2016/programme/","https://www.virusbulletin.com/conference/vb2016/abstracts/last-minute-paper-beginning-endpoint-where-we-are-now-and-where-well-be-five-years/","bounded_approximately_2021","enumerated_already_screened","S3"
"185","VB-2017-K01","Virus Bulletin","2017","Inside Cloudbleed","keynote","keynote","https://www.virusbulletin.com/conference/vb2017/programme/","","unknown_until_source_screening","enumerated","pending_paper"
"186","VB-2017-K02","Virus Bulletin","2017","Failure is an option","keynote","keynote","https://www.virusbulletin.com/conference/vb2017/programme/","https://www.virusbulletin.com/conference/vb2017/abstracts/keynote-address-failure-option/","unknown_until_source_screening","enumerated","pending_paper"
"187","VB-2018-K01","Virus Bulletin","2018","Customers, suppliers, and the adversaries that come with them","keynote","keynote","https://www.virusbulletin.com/conference/vb2018/programme","https://www.virusbulletin.com/conference/vb2018/abstracts/keynote-address-customers-suppliers-and-adversaries-come-them/","unknown_until_source_screening","enumerated","pending_paper"
"188","VB-2018-K02","Virus Bulletin","2018","Denial of trust: the new attacks","keynote","keynote","https://www.virusbulletin.com/conference/vb2018/programme","https://www.virusbulletin.com/conference/vb2018/abstracts/keynote-address-denial-trust-new-attacks","unknown_until_source_screening","enumerated","pending_paper"
"189","VB-2018-P01","Virus Bulletin","2018","Triada: the past, the present and the (hopefully not existing) future","prospective_session","prospective_metadata","https://www.virusbulletin.com/conference/vb2018/programme","https://www.virusbulletin.com/conference/vb2018/abstracts/vb2018-partner-presentation-tba/","unbounded_in_metadata","enumerated","S3"
