"selection_order","round","cell_order","cell","frame_id","venue","year","period","title","session_type","selection_stratum","selection_hash","official_program_url","content_url"
"1","1","1","2005-2009 | Black Hat USA","BHPRO-2005-01","Black Hat USA","2005","2005-2009","The Future of Personal Information","panel","prospective_metadata","28cd308dab5e1d4183d4e4d15cecbce10b5cd60e9ced1d15617832ba709375bb","https://blackhat.com/html/bh-media-archives/bh-archives-2005.html","https://www.youtube.com/watch?v=tNzQNYZymWU"
"2","1","2","2005-2009 | CCC","CCC-2006-007","CCC","2006","2005-2009","A Hacker's Toolkit for RFID Emulation and Jamming","prospective_session","prospective_metadata","005100cd1ee157620c2a53b10d5e1481ac7cff88f50f975499b4713a1e676139","https://media.ccc.de/v/23C3-1597-en-hackers_toolkit_for_rfid_emulation_and_jamming","https://cdn.media.ccc.de/congress/2006/video/23C3-1597-en-hackers_toolkit_for_rfid_emulation_and_jamming.m4v"
"3","1","3","2005-2009 | Virus Bulletin","VB-2008-K01","Virus Bulletin","2008","2005-2009","The AV industry: Quo Vadis?","keynote","keynote","91674edc1f1b6a3781f5352e1c67851271c8850b081431618137ea1642a426cd","https://www.virusbulletin.com/conference/vb2008/programme/","https://www.virusbulletin.com/uploads/pdf/conference_slides/2008/AlexEckelberry-VB2008.pdf"
"4","1","4","2010-2014 | Black Hat USA","BHPRO-2014-03","Black Hat USA","2014","2010-2014","Capstone: Next Generation Disassembly Framework","briefing","prospective_metadata","0b8568cd2dab4d1b0c20ecfa992ef1c9b8b9b4442d5c3a7678f6946a8f4ac995","https://blackhat.com/us-14/archives.html","https://www.youtube.com/watch?v=cwyJm6b1F0k"
"5","1","5","2010-2014 | CCC","CCC-2010-025","CCC","2010","2010-2014","Hacking iButtons","prospective_session","prospective_metadata","04a3eb9f9471b66722f6428fa1a654612fa2d76caec2e37ab1365c111fe009f9","https://media.ccc.de/v/27c3-4176-de-hacking_ibuttons","https://cdn.media.ccc.de/congress/2010/mp4-h264-HQ/27c3-4176-de-hacking_ibuttons.mp4"
"6","1","6","2010-2014 | Virus Bulletin","VB-2013-K01","Virus Bulletin","2013","2010-2014","Ethics and the AV industry in the age of WikiLeaks","keynote","keynote","5a22d8236c8805949a2aca6a57caab8ce35ddabf44b5e279974049a3913b5958","https://www.virusbulletin.com/conference/vb2013/programme/","https://www.youtube.com/watch?v=9F1_8Kz2_0Q"
"7","1","7","2015-2018 | Black Hat USA","BHPRO-2016-05","Black Hat USA","2016","2015-2018","The Year in Flash","briefing","prospective_metadata","021ef531518283f66755aa047eda234d5abfb89f7087c7b208f46a848a83c79a","https://blackhat.com/us-16/briefings.html","https://www.youtube.com/watch?v=F5NUvcTpoDU"
"8","1","8","2015-2018 | CCC","CCC-2018-084","CCC","2018","2015-2018","Internet of Dongs","prospective_session","prospective_metadata","004ef0709d5803bcaa930f3b44030dcfca1ded3e84248a3d2682dc0cf38c3b74","https://media.ccc.de/v/35c3-9523-internet_of_dongs","https://cdn.media.ccc.de/congress/2018/slides-h264-hd/35c3-9523-eng-deu-Internet_of_Dongs_hd-slides.mp4"
"9","1","9","2015-2018 | Virus Bulletin","VB-2015-P03","Virus Bulletin","2015","2015-2018","Will Android Trojans, Worms or Rootkits Survive in SEAndroid and Containerization?","prospective_session","prospective_metadata","0f4b0175b9c1ed32c419db802b74def682d994f45e7e82747884f1a906dc703d","https://www.virusbulletin.com/conference/vb2015/programme/","https://www.virusbulletin.com/virusbulletin/2016/02/vb2015-paper-will-android-trojans-worms-or-rootkits-survive-seandroid-and-containerization/"
"10","2","1","2005-2009 | Black Hat USA","BHKEY-2007-03","Black Hat USA","2007","2005-2009","The Psychology of Security","keynote","keynote","820dceda09a288f2699fc9e4061532171d0f3ae02c6bb8682fab957b9c4a18e9","https://blackhat.com/html/bh-media-archives/bh-archives-2007.html","https://www.blackhat.com/presentations/bh-usa-07/Schneier/Whitepaper/bh-usa-07-schneier-WP.pdf"
"11","2","2","2005-2009 | CCC","CCC-2005-002","CCC","2005","2005-2009","We lost the war","prospective_session","prospective_metadata","018c982ec96339e03262c76792b7bf8dd2ce36e809c6eec937e5103635d4f4aa","https://media.ccc.de/v/22C3-920-en-we_lost_the_war","https://cdn.media.ccc.de/congress/2005/lectures/video/mp4-avc/320x240/22C3-920-en-we_lost_the_war.m4v"
"12","2","4","2010-2014 | Black Hat USA","BHKEY-2013-02","Black Hat USA","2013","2010-2014","Take Risk, Don't Fail","keynote","keynote","15b56a00d78828cf9c1f5f88b3d07c9e4d0da426213804649f0110cf05e37c5f","https://blackhat.com/us-13/archives.html","https://www.youtube.com/watch?v=X_j_WYjhNxE"
"13","2","5","2010-2014 | CCC","CCC-2011-029","CCC","2011","2010-2014","The movements against state-controlled Internet in Turkey","prospective_session","prospective_metadata","0a4f8985f5828a61386bf7db854eefc3309f34a8ba74f59f88454362094f2863","https://media.ccc.de/v/28c3-4753-en-the_movement_against_state_controlled_internet_in_turkey","https://cdn.media.ccc.de/congress/2011/ogg-audio-only/28c3-4753-en-the_movement_against_state_controlled_internet_in_turkey.ogg"
"14","2","6","2010-2014 | Virus Bulletin","VB-2014-P01","Virus Bulletin","2014","2010-2014","We know it before you do: predicting malicious domains","prospective_session","prospective_metadata","60992c70f514d25b1c478e00bd206f989188fd4f84ccb0bee5c592966e659494","https://www.virusbulletin.com/conference/vb2014/programme/","https://www.youtube.com/watch?v=4CTl4f5eQS0"
"15","2","7","2015-2018 | Black Hat USA","BHKEY-2018-01","Black Hat USA","2018","2015-2018","Optimistic Dissatisfaction with the Status Quo: Steps We Must Take to Improve Security in Complex Landscapes","keynote","keynote","07a604766a142bb2f1e3c6140fd8752696be166bb9c63c295fad58f4b2ff6515","https://blackhat.com/us-18/briefings.html","https://www.youtube.com/watch?v=py2qmGbyhlw"
"16","2","8","2015-2018 | CCC","CCC-2018-077","CCC","2018","2015-2018","SD-WAN a New Hop","prospective_session","prospective_metadata","070cbfd06d427732243558a2a495358e4dac7ba732720418919df73669a305a4","https://media.ccc.de/v/35c3-9446-sd-wan_a_new_hop","https://cdn.media.ccc.de/congress/2018/h264-hd/35c3-9446-eng-deu-fra-SD-WAN_a_New_Hop_hd.mp4"
"17","2","9","2015-2018 | Virus Bulletin","VB-2015-K01","Virus Bulletin","2015","2015-2018","The Internet of Bad Things, Observed","keynote","keynote","856078b33cb05b9c3920ddeb1aae9e958d7215ecef069fd866ce593c0901e293","https://www.virusbulletin.com/conference/vb2015/programme/","https://www.youtube.com/watch?v=FY2YKxBxOkg"
"18","3","2","2005-2009 | CCC","CCC-2008-018","CCC","2008","2005-2009","Security and anonymity vulnerabilities in Tor","prospective_session","prospective_metadata","1ad9971c4d694678889c165b769e77af2bd7618be710d4ad10a81b09a9b4ccef","https://media.ccc.de/v/25c3-2977-en-security_and_anonymity_vulnerabilities_in_tor","https://cdn.media.ccc.de/congress/2008/video_h264_720x576/25c3-2977-en-security_and_anonymity_vulnerabilities_in_tor.mp4"
"19","3","4","2010-2014 | Black Hat USA","BHPRO-2013-01","Black Hat USA","2013","2010-2014","Password Hashing: The Future is Now","briefing","prospective_metadata","204a26503d7e5d78b039c7ecfa979642e34f03d94895ca09b9d7a4a92bed4e60","https://blackhat.com/us-13/archives.html","https://www.youtube.com/watch?v=fhJN44Wmiq0"
"20","3","5","2010-2014 | CCC","CCC-2012-033","CCC","2012","2010-2014","Privacy and the Car of the Future","prospective_session","prospective_metadata","0b69367a164519acdd8e38ca20f24f0ceeec8828a9a0d33abd62a5f970a5f2cc","https://media.ccc.de/v/29c3-5095-en-privacy_and_the_car_of_the_future_h264","https://cdn.media.ccc.de/congress/2012/mp4-h264-HQ/29c3-5095-en-privacy_and_the_car_of_the_future_h264.mp4"
"21","3","6","2010-2014 | Virus Bulletin","VB-2012-K01","Virus Bulletin","2012","2010-2014","The trade in security exploits: free speech or weapons in need of regulation","keynote","keynote","9cb6644447aba632dab990d72e9b564aabf4f5381d46e04a6d6e0744f96928c9","https://www.virusbulletin.com/conference/vb2012/programme/","https://www.virusbulletin.com/uploads/pdf/conference_slides/2012/Soghoian-VB2012.pdf"
"22","3","7","2015-2018 | Black Hat USA","BHPRO-2018-05","Black Hat USA","2018","2015-2018","Outsmarting the Smart City","briefing","prospective_metadata","0c9ff367204ad1b171a54d1e87f301407ea871e9b3fe092422ae6d5903280f08","https://blackhat.com/us-18/briefings.html","https://www.youtube.com/watch?v=Opjb5hPlxtY"
"23","3","8","2015-2018 | CCC","CCC-2018-085","CCC","2018","2015-2018","Security Nightmares 0x13","prospective_session","prospective_metadata","0c2342d096179987abd9794385ce7cd067659715ad70392d8ceea7b6674fd3d2","https://media.ccc.de/v/35c3-9685-security_nightmares_0x13","https://cdn.media.ccc.de/congress/2018/h264-hd/35c3-9685-fra-Security_Nightmares_0x13.mp4"
"24","3","9","2015-2018 | Virus Bulletin","VB-2015-K02","Virus Bulletin","2015","2015-2018","One man's anti-malware researcher is...","keynote","keynote","b151ae7584299f9b9e88e60cb9b9b7830520e119db95efe8ad8765a635b27478","https://www.virusbulletin.com/conference/vb2015/programme/","https://www.youtube.com/watch?v=Pne5zQU0qpQ"
"25","4","2","2005-2009 | CCC","CCC-2007-013","CCC","2007","2005-2009","EU Policy on RFID & Privacy","prospective_session","prospective_metadata","468fbe6ef7f510729c2c5ebbc18f11510696c60b5acecf38f0cef6673234fcfc","https://media.ccc.de/v/24c3-2396-en-eu_rfid_policy","https://cdn.media.ccc.de/congress/2007/mp4/24c3-2396-en-eu_rfid_policy_high.mp4"
"26","4","4","2010-2014 | Black Hat USA","BHKEY-2011-02","Black Hat USA","2011","2010-2014","How a Hacker Has Helped Influence the Government - and Vice Versa","keynote","keynote","235b2ee7ed3a5a485048a8a36f727007961f666b33e11508b3ebb3e78b663476","https://blackhat.com/html/bh-us-11/bh-us-11-archives.html","https://www.youtube.com/watch?v=kZk9fsQisI8"
"27","4","5","2010-2014 | CCC","CCC-2012-032","CCC","2012","2010-2014","Defend your Freedoms Online: It's Political, Stupid!","prospective_session","prospective_metadata","1bf71f9c4ff607dc9e2e5fe59c542ec11de1fa8aa9ffc97182efff970024913a","https://media.ccc.de/v/29c3-5159-en-defend_freedoms_online_h264","https://cdn.media.ccc.de/congress/2012/mp4-h264-HQ/29c3-5159-en-defend_freedoms_online_h264.mp4"
"28","4","6","2010-2014 | Virus Bulletin","VB-2011-P01","Virus Bulletin","2011","2010-2014","Predicting the future of stealth attacks","prospective_session","prospective_metadata","a534e02b35d1800c3e81d4a9bb41dcb3cf3fd09cd8044d3077a437b9e6de2f49","https://www.virusbulletin.com/conference/vb2011/programme/","https://www.virusbulletin.com/uploads/pdf/conference_slides/2011/Kapoor-Mathur-VB2011.pdf"
"29","4","7","2015-2018 | Black Hat USA","BHPRO-2016-01","Black Hat USA","2016","2015-2018","Bad for Enterprise: Attacking BYOD Enterprise Mobile Security Solutions","briefing","prospective_metadata","22ca219404079f0d6ca49d2af62db4819df1678f977e64532b924ba0c6cc3fb2","https://blackhat.com/us-16/briefings.html","https://www.youtube.com/watch?v=vwgXBK2rsjA"
"30","4","8","2015-2018 | CCC","CCC-2018-076","CCC","2018","2015-2018","Election Cybersecurity Progress Report","prospective_session","prospective_metadata","115794c82a56aa6f5346f360fcc2722a93d454d4096cd41ecb626ff4954efc95","https://media.ccc.de/v/35c3-9917-election_cybersecurity_progress_report","https://cdn.media.ccc.de/congress/2018/h264-sd/35c3-9917-eng-deu-Election_Cybersecurity_Progress_Report_sd.mp4"
"31","4","9","2015-2018 | Virus Bulletin","VB-2016-P01","Virus Bulletin","2016","2015-2018","The Beginning of the End(point): Where we are now and where we'll be in five years","prospective_session","prospective_metadata","c43f33625a26cd75d7cbd950217b2f9c09cb2d676c7674b0961e24c33555336d","https://www.virusbulletin.com/conference/vb2016/programme/","https://www.youtube.com/watch?v=HtXCxA76Zbo"
"32","5","2","2005-2009 | CCC","CCC-2005-004","CCC","2005","2005-2009","Learning cryptography through handcyphers","prospective_session","prospective_metadata","5b1b022e1a500a74620a8f13dfe833ae875f6274854ce657dd2e958d05fbae21","https://media.ccc.de/v/22C3-469-en-learning_cryptography","https://cdn.media.ccc.de/congress/2005/lectures/video/mp4-avc/320x240/22C3-469-en-learning_cryptography.m4v"
"33","5","4","2010-2014 | Black Hat USA","BHPRO-2014-02","Black Hat USA","2014","2010-2014","Call to Arms: A Tale of the Weaknesses of Current Client-Side XSS Filtering","briefing","prospective_metadata","24222b8de376c69d13032f3082fae504124de35105b1ab55c48ced48009bef5a","https://blackhat.com/us-14/archives.html","https://www.youtube.com/watch?v=KsRBig0u568"
"34","5","5","2010-2014 | CCC","CCC-2013-043","CCC","2013","2010-2014","Security Nightmares","prospective_session","prospective_metadata","3203d151ada21d3525483e4ab514f3976eb25f6818ff9ee7e56ae8f66be9d08b","https://media.ccc.de/v/30C3_-_5413_-_de_-_saal_1_-_201312301715_-_security_nightmares_-_frank_-_ron","https://cdn.media.ccc.de/congress/2013/mp4-lq/30c3-5413-de-en-Security_Nightmares_h264-iprod.mp4"
"35","5","6","2010-2014 | Virus Bulletin","VB-2014-P02","Virus Bulletin","2014","2010-2014","Bootkits: past, present & future","prospective_session","prospective_metadata","fd6159494ac41607997ea6a14bb75f4434b695f793f995f59b3dc4625f5a76aa","https://www.virusbulletin.com/conference/vb2014/programme/","https://www.virusbulletin.com/virusbulletin/2014/11/vb2014-paper-bootkits-past-present-future/"
"36","5","7","2015-2018 | Black Hat USA","BHKEY-2017-01","Black Hat USA","2017","2015-2018","Stepping Up Our Game: Re-focusing the Security Community on Defense and Making Security Work for Everyone","keynote","keynote","240ed6bbbb8911266e0b0786e157e42ca53d42e678a6d403018643c6edcfcf27","https://blackhat.com/us-17/briefings.html","https://www.youtube.com/watch?v=YJOMTAREFtY"
"37","5","8","2015-2018 | CCC","CCC-2018-081","CCC","2018","2015-2018","A farewell to soul-crushing code","prospective_session","prospective_metadata","11bf93ab444e078b74198bca9ca2fffca856f65b6659dcc40cc87c8781f1c84a","https://media.ccc.de/v/35c3-9812-a_farewell_to_soul-crushing_code","https://cdn.media.ccc.de/congress/2018/h264-hd/35c3-9812-eng-deu-fra-A_farewell_to_soul-crushing_code_hd.mp4"
"38","5","9","2015-2018 | Virus Bulletin","VB-2018-P01","Virus Bulletin","2018","2015-2018","Triada: the past, the present and the (hopefully not existing) future","prospective_session","prospective_metadata","d3def77df1c29cd570b6bfd0efe554784485d6732f9428243f540f713c7b2ad4","https://www.virusbulletin.com/conference/vb2018/programme","https://www.youtube.com/watch?v=abgtZqRtvLI"
"39","6","2","2005-2009 | CCC","CCC-2006-011","CCC","2006","2005-2009","Security Nightmares 2007","prospective_session","prospective_metadata","5c9f0279339ceafe4da66926bc7a4508cc4e29b997455475e3e53012b0cf0a83","https://media.ccc.de/v/23C3-1682-de-security_nightmares","https://cdn.media.ccc.de/congress/2006/video/23C3-1682-de-security_nightmares.m4v"
"40","6","4","2010-2014 | Black Hat USA","BHKEY-2012-01","Black Hat USA","2012","2010-2014","An Interview with Neal Stephenson","keynote","keynote","25d98a5ce23bb2f3620434304aa40663aa76860943444a4ff6367a922e004d25","https://blackhat.com/html/bh-us-12/bh-us-12-archives.html","https://www.youtube.com/watch?v=31rFd9JirrM"
"41","6","5","2010-2014 | CCC","CCC-2011-031","CCC","2011","2010-2014","Security Nightmares","prospective_session","prospective_metadata","355409a017db222966dbd7b56662aadca7a3e761dd9d064b9650c22811c98d94","https://media.ccc.de/v/28c3-4898-de-security_nightmares","https://cdn.media.ccc.de/congress/2011/webm/28c3-4898-de-security_nightmares.webm"
"42","6","7","2015-2018 | Black Hat USA","BHPRO-2018-10","Black Hat USA","2018","2015-2018","TLBleed: When Protecting Your CPU Caches is Not Enough","briefing","prospective_metadata","2750c2af356a2424a8db9316142ef9cb1b69273608587d439b141665f7c8f857","https://blackhat.com/us-18/briefings.html","https://www.youtube.com/watch?v=ZBq7VMIkgPk"
"43","6","8","2015-2018 | CCC","CCC-2017-073","CCC","2017","2015-2018","Security Nightmares 0x12","prospective_session","prospective_metadata","1272cf08cb737d4d3b7b4e4a130ac6e76cdb4a4dee0a6558f5d32bc40a1f2870","https://media.ccc.de/v/34c3-8888-security_nightmares_0x12","https://cdn.media.ccc.de/congress/2017/h264-hd/34c3-8888-deu-eng-Security_Nightmares_0x12_hd.mp4"
"44","6","9","2015-2018 | Virus Bulletin","VB-2015-P02","Virus Bulletin","2015","2015-2018","POS fraud - trends and counter-actions to mass fraud","prospective_session","prospective_metadata","f57bec4ff8e8bcfd520214d3869e647d18f8c1a0959a0c4e685c675a6e60e5ad","https://www.virusbulletin.com/conference/vb2015/programme/","https://www.youtube.com/watch?v=JWm2AICa6rg"
"45","7","2","2005-2009 | CCC","CCC-2005-006","CCC","2005","2005-2009","Security Nightmares 2006","prospective_session","prospective_metadata","6386be9c9d781972e40ced18da29413a52a034cffd2f29f3e68afc0ea164608a","https://media.ccc.de/v/22C3-600-de-security_nightmares","https://cdn.media.ccc.de/congress/2005/lectures/video/mp4-avc/320x240/22C3-600-de-security_nightmares.m4v"
"46","7","4","2010-2014 | Black Hat USA","BHPRO-2014-08","Black Hat USA","2014","2010-2014","Saving Cyberspace","briefing","prospective_metadata","643b282d91df71879ddecb88760dd1392a6029981a95e455743107a7c87b24dc","https://blackhat.com/us-14/archives.html","https://www.youtube.com/watch?v=4bK5nNwndVc"
"47","7","5","2010-2014 | CCC","CCC-2013-041","CCC","2013","2010-2014","The Gospel of IRMA","prospective_session","prospective_metadata","489d6e2c086cdb34d15ad3811bfa4dad8f46081c4a9b3b3acda89134870c1cd7","https://media.ccc.de/v/30C3_-_5214_-_en_-_saal_1_-_201312281130_-_the_gospel_of_irma_-_jaap-henk_hoepman","https://cdn.media.ccc.de/congress/2013/mp4/30c3-5214-en-The_Gospel_of_IRMA__h264-hq.mp4"
"48","7","7","2015-2018 | Black Hat USA","BHPRO-2017-03","Black Hat USA","2017","2015-2018","The Avalanche Takedown: Landslide for Law Enforcement","briefing","prospective_metadata","2ae570e7da5243be83b3aef859e5798367e8c8fbe520ab6e63cc54ef2aa26353","https://blackhat.com/us-17/briefings.html","https://www.youtube.com/watch?v=tNk2AI5a1F8"
"49","7","8","2015-2018 | CCC","CCC-2018-074","CCC","2018","2015-2018","""The"" Social Credit System","prospective_session","prospective_metadata","15a6b34603c9ed779e6c7e6f7a901164d72494233fc038722c70a558391384a7","https://media.ccc.de/v/35c3-9904-the_social_credit_system","https://cdn.media.ccc.de/congress/2018/h264-hd/35c3-9904-eng-deu-chi-The_Social_Credit_System_hd.mp4"
"50","8","2","2005-2009 | CCC","CCC-2006-009","CCC","2006","2005-2009","SIP Security","prospective_session","prospective_metadata","7a19debb030ac844e336d8e17be6f889de35729e8f8e293cd32478f2a31fa342","https://media.ccc.de/v/23C3-1459-en-sip_security","https://cdn.media.ccc.de/congress/2006/video/23C3-1459-en-sip_security.m4v"
"51","8","4","2010-2014 | Black Hat USA","BHPRO-2012-03","Black Hat USA","2012","2010-2014","The Myth of Twelve More Bytes: Security on the Post-Scarcity Internet","briefing","prospective_metadata","64b3f5baee532439351637ac2038d719a102d105db6f111c201e2b0f5f0c99e1","https://blackhat.com/html/bh-us-12/bh-us-12-archives.html","https://www.youtube.com/watch?v=S34b4kNUIos"
"52","8","5","2010-2014 | CCC","CCC-2013-039","CCC","2013","2010-2014","IFGINT","prospective_session","prospective_metadata","523f89ad330d0b964b323086904c12a9fc78b50ea3c49fe8f617267b4a57fd88","https://media.ccc.de/v/30C3_-_5509_-_de_-_saal_6_-_201312271600_-_ifgint_-_stefan_wehrmeyer","https://cdn.media.ccc.de/congress/2013/mp4/30c3-5509-de-en-IFGINT_h264-hq.mp4"
"53","8","7","2015-2018 | Black Hat USA","BHPRO-2017-01","Black Hat USA","2017","2015-2018","Fad or Future? Getting Past the Bug Bounty Hype","panel","prospective_metadata","4be1080677372838c495a4cf29de5958e9e62304e4fd83b62601549ab2fd4a36","https://blackhat.com/us-17/briefings.html","https://www.youtube.com/watch?v=SAqctQuPyOU"
"54","8","8","2015-2018 | CCC","CCC-2017-066","CCC","2017","2015-2018","Uncovering vulnerabilities in Hoermann BiSecur","prospective_session","prospective_metadata","24a489279499e1457dce3df16bfe444948d98f28ea7dfb287f197bd60bea1def","https://media.ccc.de/v/34c3-9029-uncovering_vulnerabilities_in_hoermann_bisecur","https://cdn.media.ccc.de/congress/2017/slides-h264-hd/34c3-9029-eng-deu-Uncovering_vulnerabilities_in_Hoermann_BiSecur_hd-slides.mp4"
"55","9","2","2005-2009 | CCC","CCC-2005-003","CCC","2005","2005-2009","Corp vs. Corp","prospective_session","prospective_metadata","7a698872a67d055fe9da089962f4034adb8edb152d69c7fda565ab75f61a73e2","https://media.ccc.de/v/22C3-423-en-corp_vs_corp","https://cdn.media.ccc.de/congress/2005/lectures/video/mp4-avc/320x240/22C3-423-en-corp_vs_corp.m4v"
"56","9","4","2010-2014 | Black Hat USA","BHPRO-2014-04","Black Hat USA","2014","2010-2014","GRR: Find All the Badness, Collect All the Things","briefing","prospective_metadata","685f00479f26b3865f06e880b5145714ce4ba9d3a41bbb940a28d735167ed99d","https://blackhat.com/us-14/archives.html","https://www.youtube.com/watch?v=ren6QSvwFvg"
"57","9","5","2010-2014 | CCC","CCC-2011-030","CCC","2011","2010-2014","The future of cryptology: which 3 letters algorithm(s) could be our Titanic?","prospective_session","prospective_metadata","57c2ba01ca4bfb026e3ea4e4859f6af017431c3441407ace72ed0f33a90d7da6","https://media.ccc.de/v/28c3-4710-en-the_future_of_cryptology","https://cdn.media.ccc.de/congress/2011/ogg-audio-only/28c3-4710-en-the_future_of_cryptology.ogg"
"58","9","7","2015-2018 | Black Hat USA","BHPRO-2016-03","Black Hat USA","2016","2015-2018","Keystone Engine: Next Generation Assembler Framework","briefing","prospective_metadata","5b5ee83f3dd077aa96eedb1708617c214085782a9aac183f95c2ac29b7396a24","https://blackhat.com/us-16/briefings.html","https://www.youtube.com/watch?v=-vzoz_KJTps"
"59","9","8","2015-2018 | CCC","CCC-2016-060","CCC","2016","2015-2018","Security Nightmares 0x11","prospective_session","prospective_metadata","3733fd095369989d003ff8ab3794daa9e366cea244b16dfcfbd9931f0755f44d","https://media.ccc.de/v/33c3-8413-security_nightmares_0x11","https://cdn.media.ccc.de/congress/2016/h264-hd/33c3-8413-deu-eng-Security_Nightmares_0x11_hd.mp4"
"60","10","2","2005-2009 | CCC","CCC-2006-008","CCC","2006","2005-2009","Vehicular Communication and VANETs","prospective_session","prospective_metadata","883473cabdc1260c7f011768e6114be18bffda1d150d75a5f8f3805ff9157963","https://media.ccc.de/v/23C3-1608-en-vehicular_communication_and_vanets","https://cdn.media.ccc.de/congress/2006/video/23C3-1608-en-vehicular_communication_and_vanets.m4v"
"61","10","4","2010-2014 | Black Hat USA","BHKEY-2014-01","Black Hat USA","2014","2010-2014","Cybersecurity as Realpolitik","keynote","keynote","828cbf9396349d3147512b7a88f4c66de867e3a7c7353ceb53cf15761630cb15","https://blackhat.com/us-14/archives.html","https://www.youtube.com/watch?v=nT-TGvYOBpI"
"62","10","5","2010-2014 | CCC","CCC-2010-022","CCC","2010","2010-2014","27C3 Keynote","keynote","keynote","5a1ba74c6492e1fc3a2e27efac96e3a80d78c80edb94d809e00dbdc31ae47a78","https://media.ccc.de/v/27c3-4302-en-27c3_keynote_we_come_in_peace","https://cdn.media.ccc.de/congress/2010/mp4-h264-HQ/27c3-4302-en-27c3_keynote_we_come_in_peace.mp4"
"63","10","7","2015-2018 | Black Hat USA","BHPRO-2018-04","Black Hat USA","2018","2015-2018","New Trends in Browser Exploitation: Attacking Client-Side JIT Compilers","briefing","prospective_metadata","68bb17f3d6b297476b3f479a783056f7cc4a553a3be11592c80ad237932efb4c","https://blackhat.com/us-18/briefings.html","https://www.youtube.com/watch?v=emt1yf2Fg9g"
"64","10","8","2015-2018 | CCC","CCC-2015-055","CCC","2015","2015-2018","Predicting Crime in a Big Data World","prospective_session","prospective_metadata","3db380d5a72167778b72c90dc2ea57f38b91f96b8ecd0e998fa97a993a6178cc","https://media.ccc.de/v/32c3-7457-predicting_crime_in_a_big_data_world","https://cdn.media.ccc.de/congress/2015/h264-hd-web/32c3-7457-de-Predicting_Crime_in_a_Big_Data_World.mp4"
"65","11","2","2005-2009 | CCC","CCC-2006-010","CCC","2006","2005-2009","Automated Botnet Detection and Mitigation","prospective_session","prospective_metadata","95b9ac1f72dc1bfdebe1b61b15827d38344b3a13428676a2242b0d5c0100ca4e","https://media.ccc.de/v/23C3-1342-en-botnet_detection","https://cdn.media.ccc.de/congress/2006/video/23C3-1342-en-botnet_detection.m4v"
"66","11","4","2010-2014 | Black Hat USA","BHPRO-2014-05","Black Hat USA","2014","2010-2014","Learn How to Control Every Room at a Luxury Hotel Remotely: The Dangers of Insecure Home Automation Deployment","briefing","prospective_metadata","907ed8508eba63b5e8b777a504c041165780fd44524e611e042c3d68a6033e11","https://blackhat.com/us-14/archives.html","https://www.youtube.com/watch?v=xomtYrcTSgU"
"67","11","5","2010-2014 | CCC","CCC-2014-047","CCC","2014","2010-2014","CAESAR and NORX","prospective_session","prospective_metadata","5c39b36839f2246480a3996ed859f65dde206afd0bc0494265c5ce8eb45b613c","https://media.ccc.de/v/31c3_-_6137_-_en_-_saal_g_-_201412291600_-_caesar_and_norx_-_philipp_jovanovic_-_aumasson","https://cdn.media.ccc.de/congress/2014/h264-sd/31c3-6137-en-de-CAESAR_and_NORX_sd.mp4"
"68","11","7","2015-2018 | Black Hat USA","BHPRO-2017-04","Black Hat USA","2017","2015-2018","The Epocholypse 2038: What's in Store for the Next 20 Years","briefing","prospective_metadata","6f5651b01f320b5feb3d542676561ee259050b846e0ee51d45db0264c7215b6c","https://blackhat.com/us-17/briefings.html","https://www.youtube.com/watch?v=abJ3VoZMeBk"
"69","11","8","2015-2018 | CCC","CCC-2015-049","CCC","2015","2015-2018","32C3 Keynote","keynote","keynote","3ef26912e11a61fe8cfa2b07c763b02e72214cdbcc6dd39d89742fd7b37ba1b0","https://media.ccc.de/v/32c3-7565-keynote","https://cdn.media.ccc.de/congress/2015/h264-hd/32c3-7565-en-Keynote_hd.mp4"
"70","12","2","2005-2009 | CCC","CCC-2009-021","CCC","2009","2005-2009","Security Nightmares","prospective_session","prospective_metadata","97a525c717fe390b207f2438cc79fab0de20d071fad9a51b7a8de9ae7b24d679","https://media.ccc.de/v/26c3-3687-de-security_nightmares","https://cdn.media.ccc.de/congress/2009/mp4/26c3-3687-de-security_nightmares.mp4"
"71","12","4","2010-2014 | Black Hat USA","BHPRO-2014-09","Black Hat USA","2014","2010-2014","Why You Need to Detect More Than PtH","briefing","prospective_metadata","a737a2a14dc9b32f08dc0fc238d56cc607f5a329e983166d2045c094b7c2bebe","https://blackhat.com/us-14/archives.html","https://www.youtube.com/watch?v=fXgZKFlw13I"
"72","12","5","2010-2014 | CCC","CCC-2010-027","CCC","2010","2010-2014","Ignorance and Peace Narratives in Cyberspace","prospective_session","prospective_metadata","5fc5b23985bf8dfccd6d7dff96aa2197bbb609fdc93b95dbcde137aa57501d4e","https://media.ccc.de/v/27c3-4084-en-ignorance_and_peace_narratives_in_cyberspace","https://cdn.media.ccc.de/congress/2010/mp4-h264-HQ/27c3-4084-en-ignorance_and_peace_narratives_in_cyberspace.mp4"
"73","12","7","2015-2018 | Black Hat USA","BHPRO-2015-02","Black Hat USA","2015","2015-2018","Information Access and Information Sharing: Where We are and Where We are Going","briefing","prospective_metadata","762428ef7e0929774fd070e967e82f0e0a1a99517a7e9bd1507dcffd438de3ec","https://blackhat.com/us-15/briefings.html","https://www.youtube.com/watch?v=4aUSuWEpAC0"
"74","12","8","2015-2018 | CCC","CCC-2017-069","CCC","2017","2015-2018","History and implications of DRM","prospective_session","prospective_metadata","48309a87b1ff1b9e7add1f0d83008d5d19907df26a3f93a51bf8ca1880146beb","https://media.ccc.de/v/34c3-9110-history_and_implications_of_drm","https://cdn.media.ccc.de/congress/2017/slides-h264-hd/34c3-9110-eng-deu-History_and_implications_of_DRM_hd-slides.mp4"
"75","13","2","2005-2009 | CCC","CCC-2008-016","CCC","2008","2005-2009","Embracing Post-Privacy","prospective_session","prospective_metadata","a8f60b366279145d72685d694c9cab824cecc673fc3f5bd956090759a53db5fc","https://media.ccc.de/v/25c3-2979-en-embracing_post-privacy","https://cdn.media.ccc.de/congress/2008/video_h264_720x576/25c3-2979-en-embracing_post-privacy.mp4"
"76","13","4","2010-2014 | Black Hat USA","BHPRO-2014-01","Black Hat USA","2014","2010-2014","A Survey of Remote Automotive Attack Surfaces","briefing","prospective_metadata","c32beb1e967ce66b8613956165cde7ebc9365cab80eff8dfcc3ee40fcb117c41","https://blackhat.com/us-14/archives.html","https://www.youtube.com/watch?v=MAGacjNw0Sw"
"77","13","5","2010-2014 | CCC","CCC-2010-023","CCC","2010","2010-2014","Data Retention in the EU five years after the Directive","prospective_session","prospective_metadata","72ecf55e4846cf5fbf65577aefac82dfdecd95fb28ca67eb3bb14ae8cebd778b","https://media.ccc.de/v/27c3-4190-en-data_retention_in_the_eu","https://cdn.media.ccc.de/congress/2010/mp4-h264-HQ/27c3-4190-en-data_retention_in_the_eu.mp4"
"78","13","7","2015-2018 | Black Hat USA","BHPRO-2015-01","Black Hat USA","2015","2015-2018","Hidden Risks of Biometric Identifiers and How to Avoid Them","briefing","prospective_metadata","77b8d7609ca59f3578823cf0460cae2098114caf8d282d855e38588c54ba1a27","https://blackhat.com/us-15/briefings.html","https://www.youtube.com/watch?v=cfQCOICIliQ"
"79","13","8","2015-2018 | CCC","CCC-2018-079","CCC","2018","2015-2018","wallet.fail","prospective_session","prospective_metadata","49fe653a5b160fe92b7d71accc1f94c725f1b0127a7583cb8bb6315be78a07c1","https://media.ccc.de/v/35c3-9563-wallet_fail","https://cdn.media.ccc.de/congress/2018/slides-h264-hd/35c3-9563-eng-deu-walletfail_hd-slides.mp4"
"80","14","2","2005-2009 | CCC","CCC-2007-012","CCC","2007","2005-2009","VX","prospective_session","prospective_metadata","aa3dd2810ba844aee4f7428de3105d798c82f6f35b1080186d45d985f3a59456","https://media.ccc.de/v/24c3-2233-en-vx","https://cdn.media.ccc.de/congress/2007/mp4/24c3-2233-en-vx_high.mp4"
"81","14","4","2010-2014 | Black Hat USA","BHPRO-2014-07","Black Hat USA","2014","2010-2014","Poacher Turned Gamekeeper: Lessons Learned from Eight Years of Breaking Hypervisors","briefing","prospective_metadata","d9919a041b2993e93c79287e9c51cba3b851ff1bfd6b201783182be976cf9352","https://blackhat.com/us-14/archives.html","https://www.youtube.com/watch?v=zHwErzJ1udc"
"82","14","5","2010-2014 | CCC","CCC-2013-038","CCC","2013","2010-2014","30C3 Keynote","keynote","keynote","8092e9bdde651fbb39a4ddca9e126e6a3bd1af3dbca480e5ee605bab122073f0","https://media.ccc.de/v/30C3_-_5622_-_en_-_saal_1_-_201312271930_-_30c3_keynote_-_glenn_greenwald_-_frank","https://cdn.media.ccc.de/congress/2013/mp4-hd/30c3-5622-en-de-30c3_Keynote_h264-hd.mp4"
"83","14","7","2015-2018 | Black Hat USA","BHPRO-2016-02","Black Hat USA","2016","2015-2018","Hacking Next-Gen ATMs: From Capture to Cashout","briefing","prospective_metadata","7e467771670fa3e601993b6252b372b74df01cad05fbb11dd5d66dac16669ce9","https://blackhat.com/us-16/briefings.html","https://www.youtube.com/watch?v=kno0vDhbb7Y"
"84","14","8","2015-2018 | CCC","CCC-2016-057","CCC","2016","2015-2018","Hacking the World","prospective_session","prospective_metadata","4de9c0b9ce74a6bbbcc4de57164a1edfeaa63dc92e0d90c517d8de4fb05103e7","https://media.ccc.de/v/33c3-8349-hacking_the_world","https://cdn.media.ccc.de/congress/2016/h264-hd/33c3-8349-eng-deu-fra-Hacking_the_World_hd.mp4"
"85","15","2","2005-2009 | CCC","CCC-2005-005","CCC","2005","2005-2009","The Future Challenges for a Hacker","prospective_session","prospective_metadata","b462e3e88854145ef7e64efcfdd02db10fa7137d63c60091862796f6773fc1c5","https://media.ccc.de/v/22C3-1295-en-future_challenges","https://cdn.media.ccc.de/congress/2005/lectures/video/mp4-avc/320x240/22C3-1295-en-future_challenges.m4v"
"86","15","4","2010-2014 | Black Hat USA","BHPRO-2012-02","Black Hat USA","2012","2010-2014","Smashing the Future for Fun and Profit","prospective_panel","prospective_metadata","f0622462ac5f9e30f20479cffb62bb47c9abc4792edab07e324b6306d9bd3136","https://blackhat.com/html/bh-us-12/bh-us-12-archives.html","https://www.youtube.com/watch?v=-DddBLZE6HU"
"87","15","5","2010-2014 | CCC","CCC-2010-026","CCC","2010","2010-2014","Defense is not dead","prospective_session","prospective_metadata","832d7e9167017454be7bf376b97bc87eeb37b92c9d79317927260eb09958929a","https://media.ccc.de/v/27c3-4123-en-defense_is_not_dead","https://cdn.media.ccc.de/congress/2010/mp4-h264-HQ/27c3-4123-en-defense_is_not_dead.mp4"
"88","15","7","2015-2018 | Black Hat USA","BHPRO-2018-06","Black Hat USA","2018","2015-2018","Protecting the Protector: Hardening Machine Learning Defenses Against Adversarial Attacks","briefing","prospective_metadata","887868f665d97eb968c48f54b868647da345d66d504e2d98dcb56bef969ccdbd","https://blackhat.com/us-18/briefings.html","https://www.youtube.com/watch?v=CAwua_lugV8"
"89","15","8","2015-2018 | CCC","CCC-2018-083","CCC","2018","2015-2018","Freedom needs fighters!","prospective_session","prospective_metadata","55b6c776e35bbe493f46103dc22f535227dda3895064e8ffa0dc012e79b32963","https://media.ccc.de/v/35c3-9973-freedom_needs_fighters","https://cdn.media.ccc.de/congress/2018/h264-hd/35c3-9973-deu-eng-spa-Freedom_needs_fighters_hd.mp4"
"90","16","2","2005-2009 | CCC","CCC-2008-015","CCC","2008","2005-2009","25C3 Opening and Keynote ""Nothing to hide""","keynote","keynote","c16d79aee912ff0308077e071b41e6f4cccd2f3ec56ec34ec60bca957158074a","https://media.ccc.de/v/25c3-3025-en-opening_and_keynote_nothing_to_hide","https://cdn.media.ccc.de/congress/2008/video_h264_720x576/25c3-3025-en-opening_and_keynote_nothing_to_hide.mp4"
"91","16","4","2010-2014 | Black Hat USA","BHPRO-2012-01","Black Hat USA","2012","2010-2014","Exploit Mitigation Improvements in Windows 8","briefing","prospective_metadata","f568ad28b867cb00cbf999558d8025c6f8e599b4fea2b22568a07c2179dad5ee","https://blackhat.com/html/bh-us-12/bh-us-12-archives.html","https://www.youtube.com/watch?v=3NriJvra62g"
"92","16","5","2010-2014 | CCC","CCC-2014-045","CCC","2014","2010-2014","The automobile as massive data gathering source and the consequences for individual privacy","prospective_session","prospective_metadata","867ff4cd96b1be631c50e49e588ed4f421f94242b037332cfd5304ed18a3fc8f","https://media.ccc.de/v/31c3_-_6265_-_en_-_saal_6_-_201412281600_-_the_automobile_as_massive_data_gathering_source_and_the_consequences_for_individual_privacy_-_jimmy_schulz_-_dr_rudiger_hanig","https://cdn.media.ccc.de/congress/2014/h264-sd/31c3-6265-en-The_automobile_as_massive_data_gathering_source_and_the_consequences_for_individual_privacy_sd.mp4"
"93","16","7","2015-2018 | Black Hat USA","BHKEY-2015-01","Black Hat USA","2015","2015-2018","The Lifecycle of a Revolution","keynote","keynote","a6f980b79e97d9537f990cc22e11cd5447e78637e75345912d99e4af7842dd47","https://blackhat.com/us-15/briefings.html","https://www.youtube.com/watch?v=Tjvw5fz_GuA"
"94","16","8","2015-2018 | CCC","CCC-2017-067","CCC","2017","2015-2018","Coming Soon: Machine-Checked Mathematical Proofs in Everyday Software and Hardware Development","prospective_session","prospective_metadata","62a27dadcffb1d99993cc1cdc51eb1b44652b7a45630b11ca020b2f84fe4441e","https://media.ccc.de/v/34c3-9105-coming_soon_machine-checked_mathematical_proofs_in_everyday_software_and_hardware_development","https://cdn.media.ccc.de/congress/2017/slides-h264-hd/34c3-9105-eng-deu-Coming_Soon_Machine-Checked_Mathematical_Proofs_in_Everyday_Software_and_Hardware_Development_hd-slides.mp4"
"95","17","2","2005-2009 | CCC","CCC-2005-001","CCC","2005","2005-2009","Hacking health","prospective_session","prospective_metadata","d62a63cda0313264af69357a249df29f59df002534e5a3eaa9f9e6ed3dce2d0a","https://media.ccc.de/v/22C3-489-en-hacking_health","https://cdn.media.ccc.de/congress/2005/lectures/video/mp4-avc/320x240/22C3-489-en-hacking_health.m4v"
"96","17","5","2010-2014 | CCC","CCC-2013-040","CCC","2013","2010-2014","Security of the IC Backside","prospective_session","prospective_metadata","93e447679139b7051632d185cb79e419899e67a39e3af42923436a5d77dde2f6","https://media.ccc.de/v/30C3_-_5459_-__-_saal_1_-_201312282145_-_security_of_the_ic_backside_-_nedos","https://cdn.media.ccc.de/congress/2013/mp4-hd/30c3-5459-en-de-Security_of_the_IC_Backside_h264-hd.mp4"
"97","17","7","2015-2018 | Black Hat USA","BHPRO-2018-08","Black Hat USA","2018","2015-2018","The Problems and Promise of WebAssembly","briefing","prospective_metadata","b67b96e3465b5d3adcd7eac5099000d200d729ae67ce5a5c4dceca9d61352b1c","https://blackhat.com/us-18/briefings.html","https://www.youtube.com/watch?v=BHwqORo_83E"
"98","17","8","2015-2018 | CCC","CCC-2015-052","CCC","2015","2015-2018","Prediction and Control","prospective_session","prospective_metadata","697fa10f6a66f92ba073bdc3ea7bf79f072b6a419c2995b7e07d9d08055a1ed3","https://media.ccc.de/v/32c3-7449-prediction_and_control","https://cdn.media.ccc.de/congress/2015/h264-hd-web/32c3-7449-en-Prediction_and_Control.mp4"
"99","18","2","2005-2009 | CCC","CCC-2009-020","CCC","2009","2005-2009","Building a Debugger","prospective_session","prospective_metadata","dadc944b8fbff1c9c4f5032d2cbefe4c8ccac686fd566f3d9f0bb5f3e57bb635","https://media.ccc.de/v/26c3-3490-en-building_a_debugger","https://cdn.media.ccc.de/congress/2009/mp4/26c3-3490-en-building_a_debugger.mp4"
"100","18","5","2010-2014 | CCC","CCC-2010-028","CCC","2010","2010-2014","Security Nightmares","prospective_session","prospective_metadata","a209423406def236c689bd824a143cbec349676d87779c9fad8b7542890fd914","https://media.ccc.de/v/27c3-4230-de-security_nightmares","https://cdn.media.ccc.de/congress/2010/mp4-h264-HQ/27c3-4230-de-security_nightmares.mp4"
"101","18","7","2015-2018 | Black Hat USA","BHPRO-2018-01","Black Hat USA","2018","2015-2018","A Brief History of Mitigation: The Path to EL1 in iOS 11","briefing","prospective_metadata","b87e1c3de90cde7f85b4aaf056fbb3cc61a5093049dddaba1dcf478425c8e35d","https://blackhat.com/us-18/briefings.html","https://www.youtube.com/watch?v=iY6CQBgs1w0"
"102","18","8","2015-2018 | CCC","CCC-2015-053","CCC","2015","2015-2018","Ten years after âWe Lost The Warâ","prospective_session","prospective_metadata","6c2bf22a9d62fb8c51e023f16816a8bc6794b75c16208e367a4adfac10547a07","https://media.ccc.de/v/32c3-7501-ten_years_after_we_lost_the_war","https://cdn.media.ccc.de/congress/2015/h264-sd/32c3-7501-en-de-Ten_years_after_We_Lost_The_War_sd.mp4"
"103","19","2","2005-2009 | CCC","CCC-2008-019","CCC","2008","2005-2009","Security Nightmares 2009","prospective_session","prospective_metadata","df5f826c903634dbd2e55bef6c20b0d4306021cd0839972cfdcc16d1cc3db531","https://media.ccc.de/v/25c3-3021-de-security_nightmares_2009","https://cdn.media.ccc.de/congress/2008/video_h264_720x576/25c3-3021-de-security_nightmares_2009.mp4"
"104","19","5","2010-2014 | CCC","CCC-2010-024","CCC","2010","2010-2014","Eins, zwei, drei - alle sind dabei","prospective_session","prospective_metadata","ac74cdaf222cde524b272f747145fc0f41dd8680c17ccc90bbda2fae7e180b77","https://media.ccc.de/v/27c3-4111-de-eins_zwei_drei_alle_sind_dabei","https://cdn.media.ccc.de/congress/2010/mp4-h264-HQ/27c3-4111-de-eins_zwei_drei_alle_sind_dabei.mp4"
"105","19","7","2015-2018 | Black Hat USA","BHPRO-2016-04","Black Hat USA","2016","2015-2018","Next-Generation of Exploit Kit Detection by Building Simulated Obfuscators","briefing","prospective_metadata","baf66f4e575f67da1bf241490a7178ce2953c5943036c279280df128e8a1ef53","https://blackhat.com/us-16/briefings.html","https://www.youtube.com/watch?v=l5Xcwe-MZ7Y"
"106","19","8","2015-2018 | CCC","CCC-2017-064","CCC","2017","2015-2018","ASLR on the line","prospective_session","prospective_metadata","70b3980376a50b3c40fe7b792be22baf514a881bea5bd19277fcef9297295723","https://media.ccc.de/v/34c3-9135-aslr_on_the_line","https://cdn.media.ccc.de/congress/2017/slides-h264-hd/34c3-9135-eng-deu-ASLR_on_the_line_hd-slides.mp4"
"107","20","2","2005-2009 | CCC","CCC-2008-017","CCC","2008","2005-2009","Cisco IOS attack and defense","prospective_session","prospective_metadata","f43287cb717b3ac208aa0340bc8fa1ca31f5754f5b7264da37a76da8cf93e06f","https://media.ccc.de/v/25c3-2816-en-cisco_ios_attack_and_defense","https://cdn.media.ccc.de/congress/2008/video_h264_720x576/25c3-2816-en-cisco_ios_attack_and_defense.mp4"
"108","20","5","2010-2014 | CCC","CCC-2012-035","CCC","2012","2010-2014","Security Evaluation of Russian GOST Cipher","prospective_session","prospective_metadata","b074706d5baea1270e2f232d7a1f0c469c5a9af5fe8ad1c4e0e7e8392638ef46","https://media.ccc.de/v/29c3-5225-en-security_evaluation_of_russian_gost_cipher_h264","https://cdn.media.ccc.de/congress/2012/mp4-h264-HQ/29c3-5225-en-security_evaluation_of_russian_gost_cipher_h264.mp4"
"109","20","7","2015-2018 | Black Hat USA","BHPRO-2018-09","Black Hat USA","2018","2015-2018","There will be Glitches: Extracting and Analyzing Automotive Firmware Efficiently","briefing","prospective_metadata","bc02329e42970e20962cdbdca7f5d6b787e1daf067ad53018cf92b0920b31320","https://blackhat.com/us-18/briefings.html","https://www.youtube.com/watch?v=4svMU1qGods"
"110","20","8","2015-2018 | CCC","CCC-2015-054","CCC","2015","2015-2018","Intelexit","prospective_session","prospective_metadata","7fd9910fcd01a218044dfef9872d4285a0b33c12062b899b420fcc0de33041ac","https://media.ccc.de/v/32c3-7426-intelexit","https://cdn.media.ccc.de/congress/2015/h264-sd/32c3-7426-en-de-Intelexit_sd.mp4"
"111","21","2","2005-2009 | CCC","CCC-2007-014","CCC","2007","2005-2009","Security Nightmares 2008","prospective_session","prospective_metadata","fa3ee6eb47348ed864804c2945b871f2b2890bf440b708f683de46f737b9189f","https://media.ccc.de/v/24c3-2336-de-security_nightmares","https://cdn.media.ccc.de/congress/2007/mp4/24c3-2336-de-security_nightmares_high.mp4"
"112","21","5","2010-2014 | CCC","CCC-2012-034","CCC","2012","2010-2014","Re-igniting the Crypto Wars on the Web","prospective_session","prospective_metadata","b4a17ca36bb7594d68a9f59aa5b93862237de7246d55bf15420cbfb5f2507931","https://media.ccc.de/v/29c3-5374-en-re_igniting_the_crypto_wars_on_the_web_h264","https://cdn.media.ccc.de/congress/2012/mp4-h264-HQ/29c3-5374-en-re_igniting_the_crypto_wars_on_the_web_h264.mp4"
"113","21","7","2015-2018 | Black Hat USA","BHPRO-2017-05","Black Hat USA","2017","2015-2018","The Future of ApplePwn - How to Save Your Money","briefing","prospective_metadata","c01ce465626554e55f5d10d91154f26e21bafbd3e07e071cb9add6d15d125e42","https://blackhat.com/us-17/briefings.html","https://www.youtube.com/watch?v=mGmT0Rd838w"
"114","21","8","2015-2018 | CCC","CCC-2018-075","CCC","2018","2015-2018","Censored Planet: a Global Censorship Observatory","prospective_session","prospective_metadata","92a59f00fffbe451fe5248a1c9fbbcb1cd431c18d12ee378e95a8a5c928d1012","https://media.ccc.de/v/35c3-9877-censored_planet_a_global_censorship_observatory","https://cdn.media.ccc.de/congress/2018/slides-h264-hd/35c3-9877-eng-deu-Censored_Planet_a_Global_Censorship_Observatory_hd-slides.mp4"
"115","22","5","2010-2014 | CCC","CCC-2014-046","CCC","2014","2010-2014","The Matter of Heartbleed","prospective_session","prospective_metadata","b6a859058058bddca7de28d4b6f1fd5ace1e31d34fcc23f77bdca53d24d5e08a","https://media.ccc.de/v/31c3_-_6321_-_en_-_saal_1_-_201412282300_-_the_matter_of_heartbleed_-_zakir_durumeric","https://cdn.media.ccc.de/congress/2014/h264-hd/31c3-6321-en-de-The_Matter_of_Heartbleed_hd.mp4"
"116","22","7","2015-2018 | Black Hat USA","BHKEY-2016-01","Black Hat USA","2016","2015-2018","The Hidden Architecture of our Time: Why This Internet Worked, How We Could Lose It, and the Role Hackers Play","keynote","keynote","ed4a2c9d310a40d1ab83b176cab8cf1e906279b41373e317cf92f429d498f060","https://blackhat.com/us-16/briefings.html","https://www.youtube.com/watch?v=RAGwol-keXM"
"117","22","8","2015-2018 | CCC","CCC-2017-065","CCC","2017","2015-2018","Growing Up Software Development","prospective_session","prospective_metadata","94fda39d4340b75c8ff0bd63169b1ad4f6f52c7a8aaae4e09dd218d2a5f4499b","https://media.ccc.de/v/34c3-9044-growing_up_software_development","https://cdn.media.ccc.de/congress/2017/slides-h264-hd/34c3-9044-eng-deu-Growing_Up_Software_Development_hd-slides.mp4"
"118","23","5","2010-2014 | CCC","CCC-2013-042","CCC","2013","2010-2014","WarGames in memory","prospective_session","prospective_metadata","d4c271b105e133be710f75ed87730a3fa9cd9c1568d2104cb5c2e621c7c13d17","https://media.ccc.de/v/30C3_-_5223_-_en_-_saal_6_-_201312292030_-_wargames_in_memory_-_gannimo","https://cdn.media.ccc.de/congress/2013/mp4-lq/30c3-5223-en-WarGames_in_memory_h264-iprod.mp4"
"119","23","7","2015-2018 | Black Hat USA","BHPRO-2018-03","Black Hat USA","2018","2015-2018","New Norms and Policies in Cyber-Diplomacy","panel","prospective_metadata","ee9da632816d787cbdb3f9ed9eae9042c47e7e6aadf88eb9b65f6d566dbfc90a","https://blackhat.com/us-18/briefings.html","https://www.youtube.com/watch?v=1D6ijAUwK-4"
"120","23","8","2015-2018 | CCC","CCC-2016-059","CCC","2016","2015-2018","radare demystified","prospective_session","prospective_metadata","990a7166273a78847b6d9ce292953256f839ef10c0f7bb15bdc8aad9a2cb772a","https://media.ccc.de/v/33c3-8095-radare_demystified","https://cdn.media.ccc.de/congress/2016/h264-hd/33c3-8095-eng-deu-fra-radare_demystified_hd.mp4"
"121","24","5","2010-2014 | CCC","CCC-2014-044","CCC","2014","2010-2014","31C3 Keynote","keynote","keynote","e06c3449b424757371913ff06d6faa4df88a68778862d9376391cf9a89ef9589","https://media.ccc.de/v/31c3_-_6571_-_en_-_saal_1_-_201412271130_-_31c3_keynote_-_alecempire","https://cdn.media.ccc.de/congress/2014/h264-sd/31c3-6571-en-31C3_Keynote_sd.mp4"
"122","24","8","2015-2018 | CCC","CCC-2015-050","CCC","2015","2015-2018","(In)Security of Embedded Devices' Firmware - Fast and Furious at Large Scale","prospective_session","prospective_metadata","a5ecd7ed051d7be005a9b5b63c947cfd3ba5cb2c41c4df44df6443e38dd6a2e8","https://media.ccc.de/v/32c3-7252-in_security_of_embedded_devices_firmware_-_fast_and_furious_at_large_scale","https://cdn.media.ccc.de/congress/2015/h264-hd-web/32c3-7252-en-In_Security_of_Embedded_Devices_Firmware_-_Fast_and_Furious_at_Large_Scale.mp4"
"123","25","5","2010-2014 | CCC","CCC-2014-048","CCC","2014","2010-2014","Security Nightmares","prospective_session","prospective_metadata","e4a0d7aabbd6ca4efda5661f7754740e6a83e379d625638386a09cfb3575a0b3","https://media.ccc.de/v/31c3_-_6572_-_de_-_saal_1_-_201412301715_-_security_nightmares_-_frank_-_ron","https://cdn.media.ccc.de/congress/2014/h264-hd/31c3-6572-de-en-Security_Nightmares_hd.mp4"
"124","25","8","2015-2018 | CCC","CCC-2018-082","CCC","2018","2015-2018","Jailbreaking iOS","prospective_session","prospective_metadata","a696bfa05b030eac9c8c4fbb67d3e83d2b644d02b646e7804196c9b57357408a","https://media.ccc.de/v/35c3-9618-jailbreaking_ios","https://cdn.media.ccc.de/congress/2018/slides-h264-hd/35c3-9618-eng-deu-Jailbreaking_iOS_hd-slides.mp4"
"125","26","5","2010-2014 | CCC","CCC-2012-036","CCC","2012","2010-2014","The future of protocol reversing and simulation applied on ZeroAccess botnet","prospective_session","prospective_metadata","f4d906cef88d331d6daa538a12e02f36f65ac75c372e8dab93c55af5bc3e8c3d","https://media.ccc.de/v/29c3-5256-en-the_future_of_protocol_reversing_and_simulation_h264","https://cdn.media.ccc.de/congress/2012/mp4-h264-HQ/29c3-5256-en-the_future_of_protocol_reversing_and_simulation_h264.mp4"
"126","26","8","2015-2018 | CCC","CCC-2016-058","CCC","2016","2015-2018","Recount 2016: An Uninvited Security Audit of the U.S. Presidential Election","prospective_session","prospective_metadata","b2093adab2a802063260005a27cf9cf59dff031db20ef0ff5701636bdbd6af49","https://media.ccc.de/v/33c3-8074-recount_2016_an_uninvited_security_audit_of_the_u_s_presidential_election","https://cdn.media.ccc.de/congress/2016/h264-hd/33c3-8074-eng-deu-rus-Recount_2016_An_Uninvited_Security_Audit_of_the_US_Presidential_Election_hd.mp4"
"127","27","5","2010-2014 | CCC","CCC-2012-037","CCC","2012","2010-2014","Security Nightmares","prospective_session","prospective_metadata","fca278e8a4fe5d0899bae93e170a7e469f3ebcbb92160927c45626ec7a45ccee","https://media.ccc.de/v/29c3-5244-de-en-security_nightmares2012_h264","https://cdn.media.ccc.de/congress/2012/mp4-h264-HQ/29c3-5244-de-en-security_nightmares2012_h264.mp4"
"128","27","8","2015-2018 | CCC","CCC-2017-068","CCC","2017","2015-2018","Decoding Contactless (Card) Payments","prospective_session","prospective_metadata","b9766d575b6e2bf86a9055d029b9c927c6224bab61bea8994e6ff9d1b4c8392d","https://media.ccc.de/v/34c3-8965-decoding_contactless_card_payments","https://cdn.media.ccc.de/congress/2017/slides-h264-hd/34c3-8965-eng-deu-Decoding_Contactless_Card_Payments_hd-slides.mp4"
"129","28","8","2015-2018 | CCC","CCC-2017-070","CCC","2017","2015-2018","Policing in the age of data exploitation","prospective_session","prospective_metadata","ba46a371a3e5841e6f3db63b648afe6f3c9b3fc5bfce4434d6d101f0cc22e920","https://media.ccc.de/v/34c3-8940-policing_in_the_age_of_data_exploitation","https://cdn.media.ccc.de/congress/2017/slides-h264-hd/34c3-8940-eng-deu-Policing_in_the_age_of_data_exploitation_hd-slides.mp4"
"130","29","8","2015-2018 | CCC","CCC-2017-061","CCC","2017","2015-2018","Dude, you broke the Future!","prospective_session","prospective_metadata","c2eacede74dcb453767617533869ff157f9540ed3196be6ac45ac62354e4f531","https://media.ccc.de/v/34c3-9270-dude_you_broke_the_future","https://cdn.media.ccc.de/congress/2017/slides-h264-sd/34c3-9270-eng-Dude_you_broke_the_Future_sd-slides.mp4"
"131","30","8","2015-2018 | CCC","CCC-2015-056","CCC","2015","2015-2018","Security Nightmares 0x10","prospective_session","prospective_metadata","c87e62017bf1d3274189490983030501f0b005e8cb485863e6ddf73211273d05","https://media.ccc.de/v/32c3-7546-security_nightmares_0x10","https://cdn.media.ccc.de/congress/2015/h264-hd-web/32c3-7546-de-Security_Nightmares_0x10.mp4"
"132","31","8","2015-2018 | CCC","CCC-2017-063","CCC","2017","2015-2018","How can you trust formally verified software?","prospective_session","prospective_metadata","d6aed277f68df0f7927df1e51eb1939516c4be284cc3f55311381d8325955960","https://media.ccc.de/v/34c3-8915-how_can_you_trust_formally_verified_software","https://cdn.media.ccc.de/congress/2017/h264-hd/34c3-8915-deu-How_can_you_trust_formally_verified_software.mp4"
"133","32","8","2015-2018 | CCC","CCC-2017-072","CCC","2017","2015-2018","Fuck Dutch mass-surveillance: let's have a referendum!","prospective_session","prospective_metadata","d88bcbac9951ef6936459e4fdcecf272f846bdf6d78c1b97e8ac1a87995149f7","https://media.ccc.de/v/34c3-9172-fuck_dutch_mass-surveillance_let_s_have_a_referendum","https://cdn.media.ccc.de/congress/2017/slides-h264-hd/34c3-9172-eng-deu-Fuck_Dutch_mass-surveillance_lets_have_a_referendum_hd-slides.mp4"
"134","33","8","2015-2018 | CCC","CCC-2018-078","CCC","2018","2015-2018","Taming the Chaos: Can we build systems that actually work?","prospective_session","prospective_metadata","dc286f58615c737c9a2956494986725f9016ee463e53b033f34e589c62288b2a","https://media.ccc.de/v/35c3-9647-taming_the_chaos_can_we_build_systems_that_actually_work","https://cdn.media.ccc.de/congress/2018/slides-h264-hd/35c3-9647-eng-deu-Taming_the_Chaos_Can_we_build_systems_that_actually_work_hd-slides.mp4"
"135","34","8","2015-2018 | CCC","CCC-2015-051","CCC","2015","2015-2018","Say hi to your new boss: How algorithms might soon control our lives.","prospective_session","prospective_metadata","ec45454db67aab635a2e53af760b8432b7f0224d80f75d92f2777268efd61ce3","https://media.ccc.de/v/32c3-7482-say_hi_to_your_new_boss_how_algorithms_might_soon_control_our_lives","https://cdn.media.ccc.de/congress/2015/h264-hd-web/32c3-7482-en-Say_hi_to_your_new_boss_How_algorithms_might_soon_control_our_lives.mp4"
"136","35","8","2015-2018 | CCC","CCC-2017-062","CCC","2017","2015-2018","Gamified Control?","prospective_session","prospective_metadata","f81e2a559f7ef198b67d7497d749e136359cbc8b84bfb2e82936bc3aebf509a1","https://media.ccc.de/v/34c3-8874-gamified_control","https://cdn.media.ccc.de/congress/2017/h264-sd/34c3-8874-eng-deu-Gamified_Control_sd.mp4"
"137","36","8","2015-2018 | CCC","CCC-2018-080","CCC","2018","2015-2018","A Christmas Carol - The Spectres of the Past, Present, and Future","prospective_session","prospective_metadata","f8853d5c47638c37d2ef24673011668680622008b3f2f1d72356dde186429206","https://media.ccc.de/v/35c3-9893-a_christmas_carol_-_the_spectres_of_the_past_present_and_future","https://cdn.media.ccc.de/congress/2018/h264-hd/35c3-9893-eng-deu-fra-A_Christmas_Carol_-_The_Spectres_of_the_Past_Present_and_Future_hd.mp4"
"138","37","8","2015-2018 | CCC","CCC-2017-071","CCC","2017","2015-2018","Protecting Your Privacy at the Border","prospective_session","prospective_metadata","ffcc480781ac4a35623481747a5dc9c6268b2d22de26d45303f770d19144d301","https://media.ccc.de/v/34c3-9086-protecting_your_privacy_at_the_border","https://cdn.media.ccc.de/congress/2017/slides-h264-hd/34c3-9086-eng-deu-Protecting_Your_Privacy_at_the_Border_hd-slides.mp4"
