selection_order,frame_id,extraction_session_id,venue,year,period,selection_stratum,official_program_url,content_url,s3_in_original_order,included_predictions,fulfilled,not_fulfilled,indeterminate
1,BHPRO-2005-01,BHPRO-2005-01,Black Hat USA,2005,2005-2009,prospective_metadata,https://blackhat.com/html/bh-media-archives/bh-archives-2005.html,https://www.youtube.com/watch?v=tNzQNYZymWU,1,1,0,1,0
2,CCC-2006-007,CCC-2006-007,CCC,2006,2005-2009,prospective_metadata,https://media.ccc.de/v/23C3-1597-en-hackers_toolkit_for_rfid_emulation_and_jamming,https://cdn.media.ccc.de/congress/2006/video/23C3-1597-en-hackers_toolkit_for_rfid_emulation_and_jamming.m4v,1,0,0,0,0
3,VB-2008-K01,VB-2008-K01,Virus Bulletin,2008,2005-2009,keynote,https://www.virusbulletin.com/conference/vb2008/programme/,https://www.virusbulletin.com/uploads/pdf/conference_slides/2008/AlexEckelberry-VB2008.pdf,1,0,0,0,0
4,BHPRO-2014-03,BHPRO-2014-03,Black Hat USA,2014,2010-2014,prospective_metadata,https://blackhat.com/us-14/archives.html,https://www.youtube.com/watch?v=cwyJm6b1F0k,1,1,0,1,0
5,CCC-2010-025,CCC-2010-025,CCC,2010,2010-2014,prospective_metadata,https://media.ccc.de/v/27c3-4176-de-hacking_ibuttons,https://cdn.media.ccc.de/congress/2010/mp4-h264-HQ/27c3-4176-de-hacking_ibuttons.mp4,1,0,0,0,0
6,VB-2013-K01,VB-2013-K01,Virus Bulletin,2013,2010-2014,keynote,https://www.virusbulletin.com/conference/vb2013/programme/,https://www.youtube.com/watch?v=9F1_8Kz2_0Q,1,0,0,0,0
7,BHPRO-2016-05,BHPRO-2016-05,Black Hat USA,2016,2015-2018,prospective_metadata,https://blackhat.com/us-16/briefings.html,https://www.youtube.com/watch?v=F5NUvcTpoDU,1,0,0,0,0
8,CCC-2018-084,CCC-2018-084,CCC,2018,2015-2018,prospective_metadata,https://media.ccc.de/v/35c3-9523-internet_of_dongs,https://cdn.media.ccc.de/congress/2018/slides-h264-hd/35c3-9523-eng-deu-Internet_of_Dongs_hd-slides.mp4,1,0,0,0,0
9,VB-2015-P03,VB-2015-P03,Virus Bulletin,2015,2015-2018,prospective_metadata,https://www.virusbulletin.com/conference/vb2015/programme/,https://www.virusbulletin.com/virusbulletin/2016/02/vb2015-paper-will-android-trojans-worms-or-rootkits-survive-seandroid-and-containerization/,1,0,0,0,0
10,BHKEY-2007-03,BHKEY-2007-03,Black Hat USA,2007,2005-2009,keynote,https://blackhat.com/html/bh-media-archives/bh-archives-2007.html,https://www.blackhat.com/presentations/bh-usa-07/Schneier/Whitepaper/bh-usa-07-schneier-WP.pdf,1,0,0,0,0
11,CCC-2005-002,CCC-2005-002,CCC,2005,2005-2009,prospective_metadata,https://media.ccc.de/v/22C3-920-en-we_lost_the_war,https://cdn.media.ccc.de/congress/2005/lectures/video/mp4-avc/320x240/22C3-920-en-we_lost_the_war.m4v,1,1,0,0,1
12,BHKEY-2013-02,BHKEY-2013-02,Black Hat USA,2013,2010-2014,keynote,https://blackhat.com/us-13/archives.html,https://www.youtube.com/watch?v=X_j_WYjhNxE,1,0,0,0,0
13,CCC-2011-029,CCC-2011-029,CCC,2011,2010-2014,prospective_metadata,https://media.ccc.de/v/28c3-4753-en-the_movement_against_state_controlled_internet_in_turkey,https://cdn.media.ccc.de/congress/2011/ogg-audio-only/28c3-4753-en-the_movement_against_state_controlled_internet_in_turkey.ogg,1,0,0,0,0
14,VB-2014-P01,VB-2014-P01,Virus Bulletin,2014,2010-2014,prospective_metadata,https://www.virusbulletin.com/conference/vb2014/programme/,https://www.youtube.com/watch?v=4CTl4f5eQS0,1,0,0,0,0
15,BHKEY-2018-01,BHKEY-2018-01,Black Hat USA,2018,2015-2018,keynote,https://blackhat.com/us-18/briefings.html,https://www.youtube.com/watch?v=py2qmGbyhlw,1,0,0,0,0
16,CCC-2018-077,CCC-2018-077,CCC,2018,2015-2018,prospective_metadata,https://media.ccc.de/v/35c3-9446-sd-wan_a_new_hop,https://cdn.media.ccc.de/congress/2018/h264-hd/35c3-9446-eng-deu-fra-SD-WAN_a_New_Hop_hd.mp4,1,0,0,0,0
17,VB-2015-K01,VB-2015-K01,Virus Bulletin,2015,2015-2018,keynote,https://www.virusbulletin.com/conference/vb2015/programme/,https://www.youtube.com/watch?v=FY2YKxBxOkg,1,0,0,0,0
18,CCC-2008-018,CCC-2008-018,CCC,2008,2005-2009,prospective_metadata,https://media.ccc.de/v/25c3-2977-en-security_and_anonymity_vulnerabilities_in_tor,https://cdn.media.ccc.de/congress/2008/video_h264_720x576/25c3-2977-en-security_and_anonymity_vulnerabilities_in_tor.mp4,1,0,0,0,0
19,BHPRO-2013-01,BHPRO-2013-01,Black Hat USA,2013,2010-2014,prospective_metadata,https://blackhat.com/us-13/archives.html,https://www.youtube.com/watch?v=fhJN44Wmiq0,1,0,0,0,0
20,CCC-2012-033,CCC-2012-033,CCC,2012,2010-2014,prospective_metadata,https://media.ccc.de/v/29c3-5095-en-privacy_and_the_car_of_the_future_h264,https://cdn.media.ccc.de/congress/2012/mp4-h264-HQ/29c3-5095-en-privacy_and_the_car_of_the_future_h264.mp4,1,1,1,0,0
21,VB-2012-K01,VB-2012-K01,Virus Bulletin,2012,2010-2014,keynote,https://www.virusbulletin.com/conference/vb2012/programme/,https://www.virusbulletin.com/uploads/pdf/conference_slides/2012/Soghoian-VB2012.pdf,1,0,0,0,0
22,BHPRO-2018-05,BHPRO-2018-05,Black Hat USA,2018,2015-2018,prospective_metadata,https://blackhat.com/us-18/briefings.html,https://www.youtube.com/watch?v=Opjb5hPlxtY,1,0,0,0,0
23,CCC-2018-085,CCC-2018-085,CCC,2018,2015-2018,prospective_metadata,https://media.ccc.de/v/35c3-9685-security_nightmares_0x13,https://cdn.media.ccc.de/congress/2018/h264-hd/35c3-9685-fra-Security_Nightmares_0x13.mp4,1,7,4,0,3
24,VB-2015-K02,VB-2015-K02,Virus Bulletin,2015,2015-2018,keynote,https://www.virusbulletin.com/conference/vb2015/programme/,https://www.youtube.com/watch?v=Pne5zQU0qpQ,1,0,0,0,0
25,CCC-2007-013,CCC-2007-013,CCC,2007,2005-2009,prospective_metadata,https://media.ccc.de/v/24c3-2396-en-eu_rfid_policy,https://cdn.media.ccc.de/congress/2007/mp4/24c3-2396-en-eu_rfid_policy_high.mp4,1,2,0,2,0
26,BHKEY-2011-02,BHKEY-2011-02,Black Hat USA,2011,2010-2014,keynote,https://blackhat.com/html/bh-us-11/bh-us-11-archives.html,https://www.youtube.com/watch?v=kZk9fsQisI8,1,0,0,0,0
27,CCC-2012-032,CCC-2012-032,CCC,2012,2010-2014,prospective_metadata,https://media.ccc.de/v/29c3-5159-en-defend_freedoms_online_h264,https://cdn.media.ccc.de/congress/2012/mp4-h264-HQ/29c3-5159-en-defend_freedoms_online_h264.mp4,1,5,4,1,0
28,VB-2011-P01,VB-2011-P01,Virus Bulletin,2011,2010-2014,prospective_metadata,https://www.virusbulletin.com/conference/vb2011/programme/,https://www.virusbulletin.com/uploads/pdf/conference_slides/2011/Kapoor-Mathur-VB2011.pdf,1,0,0,0,0
29,BHPRO-2016-01,BHPRO-2016-01,Black Hat USA,2016,2015-2018,prospective_metadata,https://blackhat.com/us-16/briefings.html,https://www.youtube.com/watch?v=vwgXBK2rsjA,1,0,0,0,0
30,CCC-2018-076,CCC-2018-076,CCC,2018,2015-2018,prospective_metadata,https://media.ccc.de/v/35c3-9917-election_cybersecurity_progress_report,https://cdn.media.ccc.de/congress/2018/h264-sd/35c3-9917-eng-deu-Election_Cybersecurity_Progress_Report_sd.mp4,1,3,2,1,0
31,VB-2016-P01,VB-2016-P01,Virus Bulletin,2016,2015-2018,prospective_metadata,https://www.virusbulletin.com/conference/vb2016/programme/,https://www.youtube.com/watch?v=HtXCxA76Zbo,1,8,6,1,1
32,CCC-2005-004,CCC-2005-004,CCC,2005,2005-2009,prospective_metadata,https://media.ccc.de/v/22C3-469-en-learning_cryptography,https://cdn.media.ccc.de/congress/2005/lectures/video/mp4-avc/320x240/22C3-469-en-learning_cryptography.m4v,1,0,0,0,0
33,BHPRO-2014-02,BHPRO-2014-02,Black Hat USA,2014,2010-2014,prospective_metadata,https://blackhat.com/us-14/archives.html,https://www.youtube.com/watch?v=KsRBig0u568,1,0,0,0,0
34,CCC-2013-043,CCC-2013-034,CCC,2013,2010-2014,prospective_metadata,https://media.ccc.de/v/30C3_-_5413_-_de_-_saal_1_-_201312301715_-_security_nightmares_-_frank_-_ron,https://cdn.media.ccc.de/congress/2013/mp4-lq/30c3-5413-de-en-Security_Nightmares_h264-iprod.mp4,1,7,1,3,3
35,VB-2014-P02,VB-2014-P02,Virus Bulletin,2014,2010-2014,prospective_metadata,https://www.virusbulletin.com/conference/vb2014/programme/,https://www.virusbulletin.com/virusbulletin/2014/11/vb2014-paper-bootkits-past-present-future/,1,0,0,0,0
36,BHKEY-2017-01,BHKEY-2017-01,Black Hat USA,2017,2015-2018,keynote,https://blackhat.com/us-17/briefings.html,https://www.youtube.com/watch?v=YJOMTAREFtY,1,1,0,0,1
37,CCC-2018-081,CCC-2018-081,CCC,2018,2015-2018,prospective_metadata,https://media.ccc.de/v/35c3-9812-a_farewell_to_soul-crushing_code,https://cdn.media.ccc.de/congress/2018/h264-hd/35c3-9812-eng-deu-fra-A_farewell_to_soul-crushing_code_hd.mp4,1,0,0,0,0
38,VB-2018-P01,VB-2018-P01,Virus Bulletin,2018,2015-2018,prospective_metadata,https://www.virusbulletin.com/conference/vb2018/programme,https://www.youtube.com/watch?v=abgtZqRtvLI,1,0,0,0,0
39,CCC-2006-011,CCC-2006-011,CCC,2006,2005-2009,prospective_metadata,https://media.ccc.de/v/23C3-1682-de-security_nightmares,https://cdn.media.ccc.de/congress/2006/video/23C3-1682-de-security_nightmares.m4v,1,7,2,3,2
40,BHKEY-2012-01,BHKEY-2012-01,Black Hat USA,2012,2010-2014,keynote,https://blackhat.com/html/bh-us-12/bh-us-12-archives.html,https://www.youtube.com/watch?v=31rFd9JirrM,1,0,0,0,0
41,CCC-2011-031,CCC-2011-031,CCC,2011,2010-2014,prospective_metadata,https://media.ccc.de/v/28c3-4898-de-security_nightmares,https://cdn.media.ccc.de/congress/2011/webm/28c3-4898-de-security_nightmares.webm,1,8,2,2,4
42,BHPRO-2018-10,BHPRO-2018-10,Black Hat USA,2018,2015-2018,prospective_metadata,https://blackhat.com/us-18/briefings.html,https://www.youtube.com/watch?v=ZBq7VMIkgPk,1,0,0,0,0
43,CCC-2017-073,CCC-2017-073,CCC,2017,2015-2018,prospective_metadata,https://media.ccc.de/v/34c3-8888-security_nightmares_0x12,https://cdn.media.ccc.de/congress/2017/h264-hd/34c3-8888-deu-eng-Security_Nightmares_0x12_hd.mp4,1,2,0,2,0
44,VB-2015-P02,VB-2015-P02,Virus Bulletin,2015,2015-2018,prospective_metadata,https://www.virusbulletin.com/conference/vb2015/programme/,https://www.youtube.com/watch?v=JWm2AICa6rg,1,1,0,0,1
45,CCC-2005-006,CCC-2005-006,CCC,2005,2005-2009,prospective_metadata,https://media.ccc.de/v/22C3-600-de-security_nightmares,https://cdn.media.ccc.de/congress/2005/lectures/video/mp4-avc/320x240/22C3-600-de-security_nightmares.m4v,1,3,1,1,1
46,BHPRO-2014-08,BHPRO-2014-08,Black Hat USA,2014,2010-2014,prospective_metadata,https://blackhat.com/us-14/archives.html,https://www.youtube.com/watch?v=4bK5nNwndVc,1,0,0,0,0
47,CCC-2013-041,CCC-2013-041,CCC,2013,2010-2014,prospective_metadata,https://media.ccc.de/v/30C3_-_5214_-_en_-_saal_1_-_201312281130_-_the_gospel_of_irma_-_jaap-henk_hoepman,https://cdn.media.ccc.de/congress/2013/mp4/30c3-5214-en-The_Gospel_of_IRMA__h264-hq.mp4,1,0,0,0,0
48,BHPRO-2017-03,BHPRO-2017-03,Black Hat USA,2017,2015-2018,prospective_metadata,https://blackhat.com/us-17/briefings.html,https://www.youtube.com/watch?v=tNk2AI5a1F8,1,0,0,0,0
49,CCC-2018-074,CCC-2018-074,CCC,2018,2015-2018,prospective_metadata,https://media.ccc.de/v/35c3-9904-the_social_credit_system,https://cdn.media.ccc.de/congress/2018/h264-hd/35c3-9904-eng-deu-chi-The_Social_Credit_System_hd.mp4,1,1,1,0,0
50,CCC-2006-009,CCC-2006-009,CCC,2006,2005-2009,prospective_metadata,https://media.ccc.de/v/23C3-1459-en-sip_security,https://cdn.media.ccc.de/congress/2006/video/23C3-1459-en-sip_security.m4v,1,0,0,0,0
51,BHPRO-2012-03,BHPRO-2012-03,Black Hat USA,2012,2010-2014,prospective_metadata,https://blackhat.com/html/bh-us-12/bh-us-12-archives.html,https://www.youtube.com/watch?v=S34b4kNUIos,1,8,4,1,3
52,CCC-2013-039,CCC-2013-039,CCC,2013,2010-2014,prospective_metadata,https://media.ccc.de/v/30C3_-_5509_-_de_-_saal_6_-_201312271600_-_ifgint_-_stefan_wehrmeyer,https://cdn.media.ccc.de/congress/2013/mp4/30c3-5509-de-en-IFGINT_h264-hq.mp4,1,0,0,0,0
53,BHPRO-2017-01,BHPRO-2017-01,Black Hat USA,2017,2015-2018,prospective_metadata,https://blackhat.com/us-17/briefings.html,https://www.youtube.com/watch?v=SAqctQuPyOU,1,0,0,0,0
54,CCC-2017-066,CCC-2017-066,CCC,2017,2015-2018,prospective_metadata,https://media.ccc.de/v/34c3-9029-uncovering_vulnerabilities_in_hoermann_bisecur,https://cdn.media.ccc.de/congress/2017/slides-h264-hd/34c3-9029-eng-deu-Uncovering_vulnerabilities_in_Hoermann_BiSecur_hd-slides.mp4,1,0,0,0,0
55,CCC-2005-003,CCC-2005-003,CCC,2005,2005-2009,prospective_metadata,https://media.ccc.de/v/22C3-423-en-corp_vs_corp,https://cdn.media.ccc.de/congress/2005/lectures/video/mp4-avc/320x240/22C3-423-en-corp_vs_corp.m4v,1,0,0,0,0
56,BHPRO-2014-04,BHPRO-2014-04,Black Hat USA,2014,2010-2014,prospective_metadata,https://blackhat.com/us-14/archives.html,https://www.youtube.com/watch?v=ren6QSvwFvg,1,0,0,0,0
57,CCC-2011-030,CCC-2011-030,CCC,2011,2010-2014,prospective_metadata,https://media.ccc.de/v/28c3-4710-en-the_future_of_cryptology,https://cdn.media.ccc.de/congress/2011/ogg-audio-only/28c3-4710-en-the_future_of_cryptology.ogg,1,0,0,0,0
58,BHPRO-2016-03,BHPRO-2016-03,Black Hat USA,2016,2015-2018,prospective_metadata,https://blackhat.com/us-16/briefings.html,https://www.youtube.com/watch?v=-vzoz_KJTps,1,0,0,0,0
59,CCC-2016-060,CCC-2016-060,CCC,2016,2015-2018,prospective_metadata,https://media.ccc.de/v/33c3-8413-security_nightmares_0x11,https://cdn.media.ccc.de/congress/2016/h264-hd/33c3-8413-deu-eng-Security_Nightmares_0x11_hd.mp4,1,5,4,0,1
60,CCC-2006-008,CCC-2006-008,CCC,2006,2005-2009,prospective_metadata,https://media.ccc.de/v/23C3-1608-en-vehicular_communication_and_vanets,https://cdn.media.ccc.de/congress/2006/video/23C3-1608-en-vehicular_communication_and_vanets.m4v,1,1,0,1,0
61,BHKEY-2014-01,BHKEY-2014-01,Black Hat USA,2014,2010-2014,keynote,https://blackhat.com/us-14/archives.html,https://www.youtube.com/watch?v=nT-TGvYOBpI,1,0,0,0,0
62,CCC-2010-022,CCC-2010-022,CCC,2010,2010-2014,keynote,https://media.ccc.de/v/27c3-4302-en-27c3_keynote_we_come_in_peace,https://cdn.media.ccc.de/congress/2010/mp4-h264-HQ/27c3-4302-en-27c3_keynote_we_come_in_peace.mp4,1,0,0,0,0
63,BHPRO-2018-04,BHPRO-2018-04,Black Hat USA,2018,2015-2018,prospective_metadata,https://blackhat.com/us-18/briefings.html,https://www.youtube.com/watch?v=emt1yf2Fg9g,1,0,0,0,0
64,CCC-2015-055,CCC-2015-055,CCC,2015,2015-2018,prospective_metadata,https://media.ccc.de/v/32c3-7457-predicting_crime_in_a_big_data_world,https://cdn.media.ccc.de/congress/2015/h264-hd-web/32c3-7457-de-Predicting_Crime_in_a_Big_Data_World.mp4,1,0,0,0,0
65,CCC-2006-010,CCC-2006-010,CCC,2006,2005-2009,prospective_metadata,https://media.ccc.de/v/23C3-1342-en-botnet_detection,https://cdn.media.ccc.de/congress/2006/video/23C3-1342-en-botnet_detection.m4v,1,0,0,0,0
66,BHPRO-2014-05,BHPRO-2014-05,Black Hat USA,2014,2010-2014,prospective_metadata,https://blackhat.com/us-14/archives.html,https://www.youtube.com/watch?v=xomtYrcTSgU,1,0,0,0,0
67,CCC-2014-047,CCC-2014-047,CCC,2014,2010-2014,prospective_metadata,https://media.ccc.de/v/31c3_-_6137_-_en_-_saal_g_-_201412291600_-_caesar_and_norx_-_philipp_jovanovic_-_aumasson,https://cdn.media.ccc.de/congress/2014/h264-sd/31c3-6137-en-de-CAESAR_and_NORX_sd.mp4,1,0,0,0,0
68,BHPRO-2017-04,BHPRO-2017-04,Black Hat USA,2017,2015-2018,prospective_metadata,https://blackhat.com/us-17/briefings.html,https://www.youtube.com/watch?v=abJ3VoZMeBk,1,0,0,0,0
69,CCC-2015-049,CCC-2015-049,CCC,2015,2015-2018,keynote,https://media.ccc.de/v/32c3-7565-keynote,https://cdn.media.ccc.de/congress/2015/h264-hd/32c3-7565-en-Keynote_hd.mp4,1,0,0,0,0
70,CCC-2009-021,CCC-2009-021,CCC,2009,2005-2009,prospective_metadata,https://media.ccc.de/v/26c3-3687-de-security_nightmares,https://cdn.media.ccc.de/congress/2009/mp4/26c3-3687-de-security_nightmares.mp4,1,5,2,1,2
71,BHPRO-2014-09,BHPRO-2014-09,Black Hat USA,2014,2010-2014,prospective_metadata,https://blackhat.com/us-14/archives.html,https://www.youtube.com/watch?v=fXgZKFlw13I,1,0,0,0,0
72,CCC-2010-027,CCC-2010-027,CCC,2010,2010-2014,prospective_metadata,https://media.ccc.de/v/27c3-4084-en-ignorance_and_peace_narratives_in_cyberspace,https://cdn.media.ccc.de/congress/2010/mp4-h264-HQ/27c3-4084-en-ignorance_and_peace_narratives_in_cyberspace.mp4,1,0,0,0,0
73,BHPRO-2015-02,BHPRO-2015-02,Black Hat USA,2015,2015-2018,prospective_metadata,https://blackhat.com/us-15/briefings.html,https://www.youtube.com/watch?v=4aUSuWEpAC0,1,0,0,0,0
74,CCC-2017-069,CCC-2017-069,CCC,2017,2015-2018,prospective_metadata,https://media.ccc.de/v/34c3-9110-history_and_implications_of_drm,https://cdn.media.ccc.de/congress/2017/slides-h264-hd/34c3-9110-eng-deu-History_and_implications_of_DRM_hd-slides.mp4,1,0,0,0,0
75,CCC-2008-016,CCC-2008-016,CCC,2008,2005-2009,prospective_metadata,https://media.ccc.de/v/25c3-2979-en-embracing_post-privacy,https://cdn.media.ccc.de/congress/2008/video_h264_720x576/25c3-2979-en-embracing_post-privacy.mp4,1,0,0,0,0
76,BHPRO-2014-01,BHPRO-2014-01,Black Hat USA,2014,2010-2014,prospective_metadata,https://blackhat.com/us-14/archives.html,https://www.youtube.com/watch?v=MAGacjNw0Sw,1,0,0,0,0
77,CCC-2010-023,CCC-2010-023,CCC,2010,2010-2014,prospective_metadata,https://media.ccc.de/v/27c3-4190-en-data_retention_in_the_eu,https://cdn.media.ccc.de/congress/2010/mp4-h264-HQ/27c3-4190-en-data_retention_in_the_eu.mp4,1,0,0,0,0
78,BHPRO-2015-01,BHPRO-2015-01,Black Hat USA,2015,2015-2018,prospective_metadata,https://blackhat.com/us-15/briefings.html,https://www.youtube.com/watch?v=cfQCOICIliQ,1,0,0,0,0
79,CCC-2018-079,CCC-2018-079,CCC,2018,2015-2018,prospective_metadata,https://media.ccc.de/v/35c3-9563-wallet_fail,https://cdn.media.ccc.de/congress/2018/slides-h264-hd/35c3-9563-eng-deu-walletfail_hd-slides.mp4,1,0,0,0,0
80,CCC-2007-012,CCC-2007-012,CCC,2007,2005-2009,prospective_metadata,https://media.ccc.de/v/24c3-2233-en-vx,https://cdn.media.ccc.de/congress/2007/mp4/24c3-2233-en-vx_high.mp4,1,2,0,1,1
81,BHPRO-2014-07,BHPRO-2014-07,Black Hat USA,2014,2010-2014,prospective_metadata,https://blackhat.com/us-14/archives.html,https://www.youtube.com/watch?v=zHwErzJ1udc,1,0,0,0,0
82,CCC-2013-038,CCC-2013-038,CCC,2013,2010-2014,keynote,https://media.ccc.de/v/30C3_-_5622_-_en_-_saal_1_-_201312271930_-_30c3_keynote_-_glenn_greenwald_-_frank,https://cdn.media.ccc.de/congress/2013/mp4-hd/30c3-5622-en-de-30c3_Keynote_h264-hd.mp4,1,0,0,0,0
83,BHPRO-2016-02,BHPRO-2016-02,Black Hat USA,2016,2015-2018,prospective_metadata,https://blackhat.com/us-16/briefings.html,https://www.youtube.com/watch?v=kno0vDhbb7Y,1,0,0,0,0
84,CCC-2016-057,CCC-2016-057,CCC,2016,2015-2018,prospective_metadata,https://media.ccc.de/v/33c3-8349-hacking_the_world,https://cdn.media.ccc.de/congress/2016/h264-hd/33c3-8349-eng-deu-fra-Hacking_the_World_hd.mp4,1,0,0,0,0
85,CCC-2005-005,CCC-2005-005,CCC,2005,2005-2009,prospective_metadata,https://media.ccc.de/v/22C3-1295-en-future_challenges,https://cdn.media.ccc.de/congress/2005/lectures/video/mp4-avc/320x240/22C3-1295-en-future_challenges.m4v,1,0,0,0,0
86,BHPRO-2012-02,BHPRO-2012-02,Black Hat USA,2012,2010-2014,prospective_metadata,https://blackhat.com/html/bh-us-12/bh-us-12-archives.html,https://www.youtube.com/watch?v=-DddBLZE6HU,1,0,0,0,0
87,CCC-2010-026,CCC-2010-026,CCC,2010,2010-2014,prospective_metadata,https://media.ccc.de/v/27c3-4123-en-defense_is_not_dead,https://cdn.media.ccc.de/congress/2010/mp4-h264-HQ/27c3-4123-en-defense_is_not_dead.mp4,1,0,0,0,0
88,BHPRO-2018-06,BHPRO-2018-06,Black Hat USA,2018,2015-2018,prospective_metadata,https://blackhat.com/us-18/briefings.html,https://www.youtube.com/watch?v=CAwua_lugV8,1,0,0,0,0
89,CCC-2018-083,CCC-2018-083,CCC,2018,2015-2018,prospective_metadata,https://media.ccc.de/v/35c3-9973-freedom_needs_fighters,https://cdn.media.ccc.de/congress/2018/h264-hd/35c3-9973-deu-eng-spa-Freedom_needs_fighters_hd.mp4,1,0,0,0,0
90,CCC-2008-015,CCC-2008-015,CCC,2008,2005-2009,keynote,https://media.ccc.de/v/25c3-3025-en-opening_and_keynote_nothing_to_hide,https://cdn.media.ccc.de/congress/2008/video_h264_720x576/25c3-3025-en-opening_and_keynote_nothing_to_hide.mp4,1,0,0,0,0
91,BHPRO-2012-01,BHPRO-2012-01,Black Hat USA,2012,2010-2014,prospective_metadata,https://blackhat.com/html/bh-us-12/bh-us-12-archives.html,https://www.youtube.com/watch?v=3NriJvra62g,1,0,0,0,0
92,CCC-2014-045,CCC-2014-045,CCC,2014,2010-2014,prospective_metadata,https://media.ccc.de/v/31c3_-_6265_-_en_-_saal_6_-_201412281600_-_the_automobile_as_massive_data_gathering_source_and_the_consequences_for_individual_privacy_-_jimmy_schulz_-_dr_rudiger_hanig,https://cdn.media.ccc.de/congress/2014/h264-sd/31c3-6265-en-The_automobile_as_massive_data_gathering_source_and_the_consequences_for_individual_privacy_sd.mp4,1,1,0,1,0
93,BHKEY-2015-01,BHKEY-2015-01,Black Hat USA,2015,2015-2018,keynote,https://blackhat.com/us-15/briefings.html,https://www.youtube.com/watch?v=Tjvw5fz_GuA,1,1,0,1,0
94,CCC-2017-067,CCC-2017-067,CCC,2017,2015-2018,prospective_metadata,https://media.ccc.de/v/34c3-9105-coming_soon_machine-checked_mathematical_proofs_in_everyday_software_and_hardware_development,https://cdn.media.ccc.de/congress/2017/slides-h264-hd/34c3-9105-eng-deu-Coming_Soon_Machine-Checked_Mathematical_Proofs_in_Everyday_Software_and_Hardware_Development_hd-slides.mp4,1,0,0,0,0
95,CCC-2005-001,CCC-2005-001,CCC,2005,2005-2009,prospective_metadata,https://media.ccc.de/v/22C3-489-en-hacking_health,https://cdn.media.ccc.de/congress/2005/lectures/video/mp4-avc/320x240/22C3-489-en-hacking_health.m4v,1,0,0,0,0
96,CCC-2013-040,CCC-2013-040,CCC,2013,2010-2014,prospective_metadata,https://media.ccc.de/v/30C3_-_5459_-__-_saal_1_-_201312282145_-_security_of_the_ic_backside_-_nedos,https://cdn.media.ccc.de/congress/2013/mp4-hd/30c3-5459-en-de-Security_of_the_IC_Backside_h264-hd.mp4,1,0,0,0,0
97,BHPRO-2018-08,BHPRO-2018-08,Black Hat USA,2018,2015-2018,prospective_metadata,https://blackhat.com/us-18/briefings.html,https://www.youtube.com/watch?v=BHwqORo_83E,1,0,0,0,0
98,CCC-2015-052,CCC-2015-052,CCC,2015,2015-2018,prospective_metadata,https://media.ccc.de/v/32c3-7449-prediction_and_control,https://cdn.media.ccc.de/congress/2015/h264-hd-web/32c3-7449-en-Prediction_and_Control.mp4,1,0,0,0,0
99,CCC-2009-020,CCC-2009-020,CCC,2009,2005-2009,prospective_metadata,https://media.ccc.de/v/26c3-3490-en-building_a_debugger,https://cdn.media.ccc.de/congress/2009/mp4/26c3-3490-en-building_a_debugger.mp4,1,0,0,0,0
100,CCC-2010-028,CCC-2010-028,CCC,2010,2010-2014,prospective_metadata,https://media.ccc.de/v/27c3-4230-de-security_nightmares,https://cdn.media.ccc.de/congress/2010/mp4-h264-HQ/27c3-4230-de-security_nightmares.mp4,1,4,1,2,1
101,BHPRO-2018-01,BHPRO-2018-01,Black Hat USA,2018,2015-2018,prospective_metadata,https://blackhat.com/us-18/briefings.html,https://www.youtube.com/watch?v=iY6CQBgs1w0,1,0,0,0,0
102,CCC-2015-053,CCC-2015-053,CCC,2015,2015-2018,prospective_metadata,https://media.ccc.de/v/32c3-7501-ten_years_after_we_lost_the_war,https://cdn.media.ccc.de/congress/2015/h264-sd/32c3-7501-en-de-Ten_years_after_We_Lost_The_War_sd.mp4,1,0,0,0,0
103,CCC-2008-019,CCC-2008-019,CCC,2008,2005-2009,prospective_metadata,https://media.ccc.de/v/25c3-3021-de-security_nightmares_2009,https://cdn.media.ccc.de/congress/2008/video_h264_720x576/25c3-3021-de-security_nightmares_2009.mp4,1,9,4,2,3
104,CCC-2010-024,CCC-2010-024,CCC,2010,2010-2014,prospective_metadata,https://media.ccc.de/v/27c3-4111-de-eins_zwei_drei_alle_sind_dabei,https://cdn.media.ccc.de/congress/2010/mp4-h264-HQ/27c3-4111-de-eins_zwei_drei_alle_sind_dabei.mp4,1,1,0,1,0
105,BHPRO-2016-04,BHPRO-2016-04,Black Hat USA,2016,2015-2018,prospective_metadata,https://blackhat.com/us-16/briefings.html,https://www.youtube.com/watch?v=l5Xcwe-MZ7Y,1,0,0,0,0
106,CCC-2017-064,CCC-2017-064,CCC,2017,2015-2018,prospective_metadata,https://media.ccc.de/v/34c3-9135-aslr_on_the_line,https://cdn.media.ccc.de/congress/2017/slides-h264-hd/34c3-9135-eng-deu-ASLR_on_the_line_hd-slides.mp4,1,0,0,0,0
107,CCC-2008-017,CCC-2008-017,CCC,2008,2005-2009,prospective_metadata,https://media.ccc.de/v/25c3-2816-en-cisco_ios_attack_and_defense,https://cdn.media.ccc.de/congress/2008/video_h264_720x576/25c3-2816-en-cisco_ios_attack_and_defense.mp4,1,0,0,0,0
108,CCC-2012-035,CCC-2012-035,CCC,2012,2010-2014,prospective_metadata,https://media.ccc.de/v/29c3-5225-en-security_evaluation_of_russian_gost_cipher_h264,https://cdn.media.ccc.de/congress/2012/mp4-h264-HQ/29c3-5225-en-security_evaluation_of_russian_gost_cipher_h264.mp4,1,0,0,0,0
109,BHPRO-2018-09,BHPRO-2018-09,Black Hat USA,2018,2015-2018,prospective_metadata,https://blackhat.com/us-18/briefings.html,https://www.youtube.com/watch?v=4svMU1qGods,1,0,0,0,0
110,CCC-2015-054,CCC-2015-054,CCC,2015,2015-2018,prospective_metadata,https://media.ccc.de/v/32c3-7426-intelexit,https://cdn.media.ccc.de/congress/2015/h264-sd/32c3-7426-en-de-Intelexit_sd.mp4,1,0,0,0,0
111,CCC-2007-014,CCC-2007-014,CCC,2007,2005-2009,prospective_metadata,https://media.ccc.de/v/24c3-2336-de-security_nightmares,https://cdn.media.ccc.de/congress/2007/mp4/24c3-2336-de-security_nightmares_high.mp4,1,5,4,0,1
112,CCC-2012-034,CCC-2012-034,CCC,2012,2010-2014,prospective_metadata,https://media.ccc.de/v/29c3-5374-en-re_igniting_the_crypto_wars_on_the_web_h264,https://cdn.media.ccc.de/congress/2012/mp4-h264-HQ/29c3-5374-en-re_igniting_the_crypto_wars_on_the_web_h264.mp4,1,1,1,0,0
113,BHPRO-2017-05,BHPRO-2017-05,Black Hat USA,2017,2015-2018,prospective_metadata,https://blackhat.com/us-17/briefings.html,https://www.youtube.com/watch?v=mGmT0Rd838w,1,0,0,0,0
114,CCC-2018-075,CCC-2018-075,CCC,2018,2015-2018,prospective_metadata,https://media.ccc.de/v/35c3-9877-censored_planet_a_global_censorship_observatory,https://cdn.media.ccc.de/congress/2018/slides-h264-hd/35c3-9877-eng-deu-Censored_Planet_a_Global_Censorship_Observatory_hd-slides.mp4,1,0,0,0,0
115,CCC-2014-046,CCC-2014-046,CCC,2014,2010-2014,prospective_metadata,https://media.ccc.de/v/31c3_-_6321_-_en_-_saal_1_-_201412282300_-_the_matter_of_heartbleed_-_zakir_durumeric,https://cdn.media.ccc.de/congress/2014/h264-hd/31c3-6321-en-de-The_Matter_of_Heartbleed_hd.mp4,1,0,0,0,0
116,BHKEY-2016-01,BHKEY-2016-01,Black Hat USA,2016,2015-2018,keynote,https://blackhat.com/us-16/briefings.html,https://www.youtube.com/watch?v=RAGwol-keXM,1,0,0,0,0
117,CCC-2017-065,CCC-2017-065,CCC,2017,2015-2018,prospective_metadata,https://media.ccc.de/v/34c3-9044-growing_up_software_development,https://cdn.media.ccc.de/congress/2017/slides-h264-hd/34c3-9044-eng-deu-Growing_Up_Software_Development_hd-slides.mp4,1,0,0,0,0
118,CCC-2013-042,CCC-2013-042,CCC,2013,2010-2014,prospective_metadata,https://media.ccc.de/v/30C3_-_5223_-_en_-_saal_6_-_201312292030_-_wargames_in_memory_-_gannimo,https://cdn.media.ccc.de/congress/2013/mp4-lq/30c3-5223-en-WarGames_in_memory_h264-iprod.mp4,1,0,0,0,0
119,BHPRO-2018-03,BHPRO-2018-03,Black Hat USA,2018,2015-2018,prospective_metadata,https://blackhat.com/us-18/briefings.html,https://www.youtube.com/watch?v=1D6ijAUwK-4,1,0,0,0,0
120,CCC-2016-059,CCC-2016-059,CCC,2016,2015-2018,prospective_metadata,https://media.ccc.de/v/33c3-8095-radare_demystified,https://cdn.media.ccc.de/congress/2016/h264-hd/33c3-8095-eng-deu-fra-radare_demystified_hd.mp4,1,0,0,0,0
121,CCC-2014-044,CCC-2014-044,CCC,2014,2010-2014,keynote,https://media.ccc.de/v/31c3_-_6571_-_en_-_saal_1_-_201412271130_-_31c3_keynote_-_alecempire,https://cdn.media.ccc.de/congress/2014/h264-sd/31c3-6571-en-31C3_Keynote_sd.mp4,1,0,0,0,0
122,CCC-2015-050,CCC-2015-050,CCC,2015,2015-2018,prospective_metadata,https://media.ccc.de/v/32c3-7252-in_security_of_embedded_devices_firmware_-_fast_and_furious_at_large_scale,https://cdn.media.ccc.de/congress/2015/h264-hd-web/32c3-7252-en-In_Security_of_Embedded_Devices_Firmware_-_Fast_and_Furious_at_Large_Scale.mp4,1,0,0,0,0
123,CCC-2014-048,CCC-2014-048,CCC,2014,2010-2014,prospective_metadata,https://media.ccc.de/v/31c3_-_6572_-_de_-_saal_1_-_201412301715_-_security_nightmares_-_frank_-_ron,https://cdn.media.ccc.de/congress/2014/h264-hd/31c3-6572-de-en-Security_Nightmares_hd.mp4,1,3,2,0,1
124,CCC-2018-082,CCC-2018-082,CCC,2018,2015-2018,prospective_metadata,https://media.ccc.de/v/35c3-9618-jailbreaking_ios,https://cdn.media.ccc.de/congress/2018/slides-h264-hd/35c3-9618-eng-deu-Jailbreaking_iOS_hd-slides.mp4,1,0,0,0,0
125,CCC-2012-036,CCC-2012-036,CCC,2012,2010-2014,prospective_metadata,https://media.ccc.de/v/29c3-5256-en-the_future_of_protocol_reversing_and_simulation_h264,https://cdn.media.ccc.de/congress/2012/mp4-h264-HQ/29c3-5256-en-the_future_of_protocol_reversing_and_simulation_h264.mp4,1,0,0,0,0
126,CCC-2016-058,CCC-2016-058,CCC,2016,2015-2018,prospective_metadata,https://media.ccc.de/v/33c3-8074-recount_2016_an_uninvited_security_audit_of_the_u_s_presidential_election,https://cdn.media.ccc.de/congress/2016/h264-hd/33c3-8074-eng-deu-rus-Recount_2016_An_Uninvited_Security_Audit_of_the_US_Presidential_Election_hd.mp4,1,1,1,0,0
127,CCC-2012-037,CCC-2012-037,CCC,2012,2010-2014,prospective_metadata,https://media.ccc.de/v/29c3-5244-de-en-security_nightmares2012_h264,https://cdn.media.ccc.de/congress/2012/mp4-h264-HQ/29c3-5244-de-en-security_nightmares2012_h264.mp4,1,3,2,0,1
128,CCC-2017-068,CCC-2017-068,CCC,2017,2015-2018,prospective_metadata,https://media.ccc.de/v/34c3-8965-decoding_contactless_card_payments,https://cdn.media.ccc.de/congress/2017/slides-h264-hd/34c3-8965-eng-deu-Decoding_Contactless_Card_Payments_hd-slides.mp4,1,0,0,0,0
129,CCC-2017-070,CCC-2017-070,CCC,2017,2015-2018,prospective_metadata,https://media.ccc.de/v/34c3-8940-policing_in_the_age_of_data_exploitation,https://cdn.media.ccc.de/congress/2017/slides-h264-hd/34c3-8940-eng-deu-Policing_in_the_age_of_data_exploitation_hd-slides.mp4,1,0,0,0,0
130,CCC-2017-061,CCC-2017-061,CCC,2017,2015-2018,prospective_metadata,https://media.ccc.de/v/34c3-9270-dude_you_broke_the_future,https://cdn.media.ccc.de/congress/2017/slides-h264-sd/34c3-9270-eng-Dude_you_broke_the_Future_sd-slides.mp4,1,1,0,1,0
131,CCC-2015-056,CCC-2015-056,CCC,2015,2015-2018,prospective_metadata,https://media.ccc.de/v/32c3-7546-security_nightmares_0x10,https://cdn.media.ccc.de/congress/2015/h264-hd-web/32c3-7546-de-Security_Nightmares_0x10.mp4,1,5,4,1,0
132,CCC-2017-063,CCC-2017-063,CCC,2017,2015-2018,prospective_metadata,https://media.ccc.de/v/34c3-8915-how_can_you_trust_formally_verified_software,https://cdn.media.ccc.de/congress/2017/h264-hd/34c3-8915-deu-How_can_you_trust_formally_verified_software.mp4,1,0,0,0,0
133,CCC-2017-072,CCC-2017-072,CCC,2017,2015-2018,prospective_metadata,https://media.ccc.de/v/34c3-9172-fuck_dutch_mass-surveillance_let_s_have_a_referendum,https://cdn.media.ccc.de/congress/2017/slides-h264-hd/34c3-9172-eng-deu-Fuck_Dutch_mass-surveillance_lets_have_a_referendum_hd-slides.mp4,1,1,1,0,0
134,CCC-2018-078,CCC-2018-078,CCC,2018,2015-2018,prospective_metadata,https://media.ccc.de/v/35c3-9647-taming_the_chaos_can_we_build_systems_that_actually_work,https://cdn.media.ccc.de/congress/2018/slides-h264-hd/35c3-9647-eng-deu-Taming_the_Chaos_Can_we_build_systems_that_actually_work_hd-slides.mp4,1,0,0,0,0
135,CCC-2015-051,CCC-2015-051,CCC,2015,2015-2018,prospective_metadata,https://media.ccc.de/v/32c3-7482-say_hi_to_your_new_boss_how_algorithms_might_soon_control_our_lives,https://cdn.media.ccc.de/congress/2015/h264-hd-web/32c3-7482-en-Say_hi_to_your_new_boss_How_algorithms_might_soon_control_our_lives.mp4,1,0,0,0,0
136,CCC-2017-062,CCC-2017-062,CCC,2017,2015-2018,prospective_metadata,https://media.ccc.de/v/34c3-8874-gamified_control,https://cdn.media.ccc.de/congress/2017/h264-sd/34c3-8874-eng-deu-Gamified_Control_sd.mp4,1,4,0,4,0
137,CCC-2018-080,CCC-2018-080,CCC,2018,2015-2018,prospective_metadata,https://media.ccc.de/v/35c3-9893-a_christmas_carol_-_the_spectres_of_the_past_present_and_future,https://cdn.media.ccc.de/congress/2018/h264-hd/35c3-9893-eng-deu-fra-A_Christmas_Carol_-_The_Spectres_of_the_Past_Present_and_Future_hd.mp4,1,0,0,0,0
138,CCC-2017-071,CCC-2017-071,CCC,2017,2015-2018,prospective_metadata,https://media.ccc.de/v/34c3-9086-protecting_your_privacy_at_the_border,https://cdn.media.ccc.de/congress/2017/slides-h264-hd/34c3-9086-eng-deu-Protecting_Your_Privacy_at_the_Border_hd-slides.mp4,1,0,0,0,0
